Dátum;Gép;Kezdő időpont;Záró időpont;Megrendelésszám
2020.07.20.;Vágó-1;6:00;22:00;MEGR010
2020.07.20.;Csomagoló-2;6:00;22:00;MEGR010
2020.07.20.;Festő-2;6:00;22:00;MEGR010
2020.07.20.;Festő-1;6:00;22:00;MEGR010
2020.07.20.;Tesztelő-1;6:00;22:00;MEGR010
2020.07.20.;Hegesztő-2;6:00;22:00;MEGR010
2020.07.20.;Csomagoló-1;6:00;22:00;MEGR010
2020.07.20.;Hegesztő-1;6:00;22:00;MEGR010
2020.07.20.;Hajlító-2;6:00;22:00;MEGR010
2020.07.20.;Hajlító-1;6:00;22:00;MEGR010
2020.07.21.;Hajlító-2;6:00;8:40;MEGR010
2020.07.21.;Csomagoló-1;6:00;8:40;MEGR010
2020.07.21.;Vágó-1;6:00;8:40;MEGR010
2020.07.21.;Festő-2;6:00;8:40;MEGR010
2020.07.21.;Csomagoló-2;6:00;8:40;MEGR010
2020.07.21.;Tesztelő-1;6:00;8:40;MEGR010
2020.07.21.;Hajlító-1;6:00;8:40;MEGR010
2020.07.21.;Hegesztő-2;6:00;8:40;MEGR010
2020.07.21.;Hegesztő-1;6:00;8:40;MEGR010
2020.07.21.;Festő-1;6:00;8:40;MEGR010
2020.07.21.;Hajlító-2;8:40;22:00;MEGR004
2020.07.21.;Hajlító-1;8:40;22:00;MEGR004
2020.07.21.;Festő-3;8:40;22:00;MEGR004
2020.07.21.;Festő-2;8:40;22:00;MEGR004
2020.07.21.;Csomagoló-2;8:40;22:00;MEGR004
2020.07.21.;Csomagoló-1;8:40;22:00;MEGR004
2020.07.21.;Vágó-1;8:40;22:00;MEGR004
2020.07.21.;Hegesztő-1;8:40;22:00;MEGR004
2020.07.21.;Festő-1;8:40;22:00;MEGR004
2020.07.21.;Hegesztő-2;8:40;22:00;MEGR004
2020.07.22.;Festő-1;6:00;22:00;MEGR004
2020.07.22.;Festő-2;6:00;22:00;MEGR004
2020.07.22.;Festő-3;6:00;22:00;MEGR004
2020.07.22.;Csomagoló-1;6:00;22:00;MEGR004
2020.07.21.;Tesztelő-1;8:40;22:00;MEGR004
2020.07.22.;Hajlító-1;6:00;22:00;MEGR004
2020.07.22.;Csomagoló-2;6:00;22:00;MEGR004
2020.07.22.;Hegesztő-1;6:00;22:00;MEGR004
2020.07.22.;Hegesztő-2;6:00;22:00;MEGR004
2020.07.22.;Tesztelő-1;6:00;22:00;MEGR004
2020.07.22.;Vágó-1;6:00;22:00;MEGR004
2020.07.22.;Hajlító-2;6:00;22:00;MEGR004
2020.07.23.;Hegesztő-1;6:00;22:00;MEGR004
2020.07.23.;Hegesztő-2;6:00;22:00;MEGR004
2020.07.23.;Csomagoló-2;6:00;22:00;MEGR004
2020.07.23.;Festő-1;6:00;22:00;MEGR004
2020.07.23.;Hajlító-2;6:00;22:00;MEGR004
2020.07.23.;Hajlító-1;6:00;22:00;MEGR004
2020.07.23.;Festő-2;6:00;22:00;MEGR004
2020.07.23.;Festő-3;6:00;22:00;MEGR004
2020.07.23.;Vágó-1;6:00;22:00;MEGR004
2020.07.23.;Tesztelő-1;6:00;22:00;MEGR004
2020.07.23.;Csomagoló-1;6:00;22:00;MEGR004
2020.07.24.;Tesztelő-1;6:00;22:00;MEGR004
2020.07.24.;Festő-1;6:00;22:00;MEGR004
2020.07.24.;Festő-2;6:00;22:00;MEGR004
2020.07.24.;Festő-3;6:00;22:00;MEGR004
2020.07.24.;Csomagoló-1;6:00;22:00;MEGR004
2020.07.24.;Hajlító-2;6:00;22:00;MEGR004
2020.07.24.;Hajlító-1;6:00;22:00;MEGR004
2020.07.24.;Hegesztő-2;6:00;22:00;MEGR004
2020.07.24.;Hegesztő-1;6:00;22:00;MEGR004
2020.07.24.;Vágó-1;6:00;22:00;MEGR004
2020.07.24.;Csomagoló-2;6:00;22:00;MEGR004
2020.07.25.;Vágó-1;6:00;22:00;MEGR004
2020.07.25.;Tesztelő-1;6:00;22:00;MEGR004
2020.07.25.;Festő-1;6:00;22:00;MEGR004
2020.07.26.;Hegesztő-2;6:00;22:00;MEGR004
2020.07.25.;Csomagoló-2;6:00;22:00;MEGR004
2020.07.25.;Csomagoló-1;6:00;22:00;MEGR004
2020.07.25.;Festő-2;6:00;22:00;MEGR004
2020.07.25.;Festő-3;6:00;22:00;MEGR004
2020.07.25.;Hegesztő-1;6:00;22:00;MEGR004
2020.07.25.;Hegesztő-2;6:00;22:00;MEGR004
2020.07.25.;Hajlító-2;6:00;22:00;MEGR004
2020.07.25.;Hajlító-1;6:00;22:00;MEGR004
2020.07.26.;Vágó-1;6:00;22:00;MEGR004
2020.07.26.;Csomagoló-2;6:00;22:00;MEGR004
2020.07.26.;Hajlító-2;6:00;22:00;MEGR004
2020.07.26.;Hegesztő-1;6:00;22:00;MEGR004
2020.07.26.;Festő-3;6:00;22:00;MEGR004
2020.07.26.;Tesztelő-1;6:00;22:00;MEGR004
2020.07.26.;Csomagoló-1;6:00;22:00;MEGR004
2020.07.26.;Festő-1;6:00;22:00;MEGR004
2020.07.26.;Hajlító-1;6:00;22:00;MEGR004
2020.07.26.;Festő-2;6:00;22:00;MEGR004
2020.07.27.;Csomagoló-1;6:00;22:00;MEGR004
2020.07.27.;Csomagoló-2;6:00;22:00;MEGR004
2020.07.27.;Festő-1;6:00;22:00;MEGR004
2020.07.27.;Festő-2;6:00;22:00;MEGR004
2020.07.27.;Festő-3;6:00;22:00;MEGR004
2020.07.27.;Tesztelő-1;6:00;22:00;MEGR004
2020.07.27.;Hajlító-1;6:00;22:00;MEGR004
2020.07.27.;Hegesztő-1;6:00;22:00;MEGR004
2020.07.27.;Hegesztő-2;6:00;22:00;MEGR004
2020.07.27.;Vágó-1;6:00;22:00;MEGR004
2020.07.28.;Tesztelő-1;6:00;22:00;MEGR004
2020.07.28.;Hajlító-2;6:00;22:00;MEGR004
2020.07.28.;Hegesztő-1;6:00;22:00;MEGR004
2020.07.28.;Hegesztő-2;6:00;22:00;MEGR004
2020.07.28.;Hajlító-1;6:00;22:00;MEGR004
2020.07.28.;Vágó-1;6:00;22:00;MEGR004
2020.07.27.;Hajlító-2;6:00;22:00;MEGR004
2020.07.28.;Csomagoló-2;6:00;22:00;MEGR004
2020.07.28.;Festő-3;6:00;22:00;MEGR004
2020.07.28.;Festő-2;6:00;22:00;MEGR004
2020.07.28.;Festő-1;6:00;22:00;MEGR004
2020.07.28.;Csomagoló-1;6:00;22:00;MEGR004
2020.07.29.;Vágó-1;6:00;15:08;MEGR004
2020.07.29.;Tesztelő-1;6:00;15:08;MEGR004
2020.07.29.;Csomagoló-2;6:00;15:08;MEGR004
2020.07.29.;Csomagoló-1;6:00;15:08;MEGR004
2020.07.29.;Hajlító-2;6:00;15:08;MEGR004
2020.07.29.;Hegesztő-1;6:00;15:08;MEGR004
2020.07.29.;Festő-3;6:00;15:08;MEGR004
2020.07.29.;Festő-2;6:00;15:08;MEGR004
2020.07.29.;Festő-1;6:00;15:08;MEGR004
2020.07.29.;Hegesztő-2;6:00;15:08;MEGR004
2020.07.29.;Hajlító-1;6:00;15:08;MEGR004
2020.07.29.;Hegesztő-2;15:08;22:00;MEGR008
2020.07.29.;Hegesztő-1;15:08;22:00;MEGR008
2020.07.29.;Csomagoló-1;15:08;22:00;MEGR008
2020.07.29.;Festő-1;15:08;22:00;MEGR008
2020.07.29.;Festő-2;15:08;22:00;MEGR008
2020.07.29.;Hajlító-1;15:08;22:00;MEGR008
2020.07.29.;Tesztelő-1;15:08;22:00;MEGR008
2020.07.29.;Festő-3;15:08;22:00;MEGR008
2020.07.29.;Vágó-1;15:08;22:00;MEGR008
2020.07.29.;Hajlító-2;15:08;22:00;MEGR008
2020.07.29.;Csomagoló-2;15:08;22:00;MEGR008
2020.07.30.;Festő-1;6:00;22:00;MEGR008
2020.07.30.;Festő-2;6:00;22:00;MEGR008
2020.07.30.;Tesztelő-1;6:00;22:00;MEGR008
2020.07.30.;Csomagoló-2;6:00;22:00;MEGR008
2020.07.30.;Hegesztő-2;6:00;22:00;MEGR008
2020.07.30.;Hegesztő-1;6:00;22:00;MEGR008
2020.07.30.;Hajlító-2;6:00;22:00;MEGR008
2020.07.30.;Hajlító-1;6:00;22:00;MEGR008
2020.07.30.;Vágó-1;6:00;22:00;MEGR008
2020.07.30.;Festő-3;6:00;22:00;MEGR008
2020.07.30.;Csomagoló-1;6:00;22:00;MEGR008
2020.07.31.;Csomagoló-1;6:00;18:53;MEGR008
2020.07.31.;Csomagoló-2;6:00;18:53;MEGR008
2020.07.31.;Festő-3;6:00;18:53;MEGR008
2020.07.31.;Hegesztő-2;6:00;18:53;MEGR008
2020.07.31.;Festő-1;6:00;18:53;MEGR008
2020.07.31.;Tesztelő-1;6:00;18:53;MEGR008
2020.07.31.;Hegesztő-1;6:00;18:53;MEGR008
2020.07.31.;Hajlító-2;6:00;18:53;MEGR008
2020.07.31.;Hajlító-1;6:00;18:53;MEGR008
2020.07.31.;Vágó-1;6:00;18:53;MEGR008
2020.07.31.;Festő-2;6:00;18:53;MEGR008
2020.07.31.;Tesztelő-1;18:53;22:00;MEGR015
2020.07.31.;Festő-1;18:53;22:00;MEGR015
2020.07.31.;Festő-2;18:53;22:00;MEGR015
2020.07.31.;Hegesztő-1;18:53;22:00;MEGR015
2020.07.31.;Hajlító-1;18:53;22:00;MEGR015
2020.07.31.;Csomagoló-1;18:53;22:00;MEGR015
2020.07.31.;Hajlító-2;18:53;22:00;MEGR015
2020.08.01.;Csomagoló-1;6:00;22:00;MEGR015
2020.07.31.;Csomagoló-2;18:53;22:00;MEGR015
2020.07.31.;Vágó-1;18:53;22:00;MEGR015
2020.07.31.;Hegesztő-2;18:53;22:00;MEGR015
2020.08.01.;Hajlító-1;6:00;22:00;MEGR015
2020.08.01.;Hajlító-2;6:00;22:00;MEGR015
2020.08.01.;Festő-2;6:00;22:00;MEGR015
2020.08.01.;Festő-1;6:00;22:00;MEGR015
2020.08.01.;Vágó-1;6:00;22:00;MEGR015
2020.08.01.;Csomagoló-2;6:00;22:00;MEGR015
2020.08.01.;Tesztelő-1;6:00;22:00;MEGR015
2020.08.01.;Hegesztő-2;6:00;22:00;MEGR015
2020.08.01.;Hegesztő-1;6:00;22:00;MEGR015
2020.08.02.;Festő-1;6:00;22:00;MEGR015
2020.08.02.;Tesztelő-1;6:00;22:00;MEGR015
2020.08.02.;Csomagoló-2;6:00;22:00;MEGR015
2020.08.02.;Hegesztő-2;6:00;22:00;MEGR015
2020.08.02.;Hegesztő-1;6:00;22:00;MEGR015
2020.08.02.;Csomagoló-1;6:00;22:00;MEGR015
2020.08.02.;Festő-2;6:00;22:00;MEGR015
2020.08.02.;Vágó-1;6:00;22:00;MEGR015
2020.08.02.;Hajlító-1;6:00;22:00;MEGR015
2020.08.02.;Hajlító-2;6:00;22:00;MEGR015
2020.08.03.;Csomagoló-2;6:00;22:00;MEGR015
2020.08.03.;Vágó-1;6:00;22:00;MEGR015
2020.08.03.;Festő-2;6:00;22:00;MEGR015
2020.08.03.;Festő-1;6:00;22:00;MEGR015
2020.08.03.;Hajlító-1;6:00;22:00;MEGR015
2020.08.03.;Hajlító-2;6:00;22:00;MEGR015
2020.08.03.;Tesztelő-1;6:00;22:00;MEGR015
2020.08.07.;Hajlító-1;6:00;8:49;MEGR015
2020.08.03.;Csomagoló-1;6:00;22:00;MEGR015
2020.08.03.;Hegesztő-1;6:00;22:00;MEGR015
2020.08.03.;Hegesztő-2;6:00;22:00;MEGR015
2020.08.04.;Hajlító-2;6:00;22:00;MEGR015
2020.08.04.;Tesztelő-1;6:00;22:00;MEGR015
2020.08.04.;Festő-2;6:00;22:00;MEGR015
2020.08.04.;Festő-1;6:00;22:00;MEGR015
2020.08.04.;Hajlító-1;6:00;22:00;MEGR015
2020.08.04.;Csomagoló-2;6:00;22:00;MEGR015
2020.08.04.;Hegesztő-1;6:00;22:00;MEGR015
2020.08.04.;Vágó-1;6:00;22:00;MEGR015
2020.08.04.;Hegesztő-2;6:00;22:00;MEGR015
2020.08.04.;Csomagoló-1;6:00;22:00;MEGR015
2020.08.05.;Festő-2;6:00;22:00;MEGR015
2020.08.05.;Festő-1;6:00;22:00;MEGR015
2020.08.07.;Hegesztő-2;6:00;8:49;MEGR015
2020.08.05.;Hegesztő-1;6:00;22:00;MEGR015
2020.08.05.;Csomagoló-1;6:00;22:00;MEGR015
2020.08.05.;Csomagoló-2;6:00;22:00;MEGR015
2020.08.05.;Tesztelő-1;6:00;22:00;MEGR015
2020.08.05.;Hajlító-1;6:00;22:00;MEGR015
2020.08.05.;Hajlító-2;6:00;22:00;MEGR015
2020.08.05.;Hegesztő-2;6:00;22:00;MEGR015
2020.08.05.;Vágó-1;6:00;22:00;MEGR015
2020.08.06.;Csomagoló-2;6:00;22:00;MEGR015
2020.08.06.;Hajlító-2;6:00;22:00;MEGR015
2020.08.06.;Hajlító-1;6:00;22:00;MEGR015
2020.08.06.;Csomagoló-1;6:00;22:00;MEGR015
2020.08.06.;Hegesztő-2;6:00;22:00;MEGR015
2020.08.06.;Vágó-1;6:00;22:00;MEGR015
2020.08.06.;Hegesztő-1;6:00;22:00;MEGR015
2020.08.06.;Festő-1;6:00;22:00;MEGR015
2020.08.07.;Festő-2;6:00;8:49;MEGR015
2020.08.06.;Tesztelő-1;6:00;22:00;MEGR015
2020.08.06.;Festő-2;6:00;22:00;MEGR015
2020.08.07.;Vágó-1;6:00;8:49;MEGR015
2020.08.07.;Tesztelő-1;6:00;8:49;MEGR015
2020.08.07.;Hegesztő-1;6:00;8:49;MEGR015
2020.08.07.;Festő-1;6:00;8:49;MEGR015
2020.08.07.;Csomagoló-1;6:00;8:49;MEGR015
2020.08.07.;Csomagoló-2;6:00;8:49;MEGR015
2020.08.07.;Hajlító-2;6:00;8:49;MEGR015
2020.08.08.;Csomagoló-2;8:49;22:00;MEGR003
2020.08.08.;Csomagoló-1;8:49;22:00;MEGR003
2020.08.08.;Festő-2;8:49;22:00;MEGR003
2020.08.08.;Festő-1;8:49;22:00;MEGR003
2020.08.08.;Tesztelő-1;8:49;22:00;MEGR003
2020.08.08.;Hegesztő-1;8:49;22:00;MEGR003
2020.08.08.;Hegesztő-2;8:49;22:00;MEGR003
2020.08.08.;Hajlító-2;8:49;22:00;MEGR003
2020.08.08.;Vágó-1;8:49;22:00;MEGR003
2020.08.08.;Hajlító-1;8:49;22:00;MEGR003
2020.08.09.;Csomagoló-2;6:00;22:00;MEGR003
2020.08.09.;Csomagoló-1;6:00;22:00;MEGR003
2020.08.09.;Festő-2;6:00;22:00;MEGR003
2020.08.09.;Hajlító-2;6:00;22:00;MEGR003
2020.08.09.;Vágó-1;6:00;22:00;MEGR003
2020.08.10.;Hajlító-1;6:00;8:59;MEGR003
2020.08.09.;Festő-1;6:00;22:00;MEGR003
2020.08.09.;Hegesztő-2;6:00;22:00;MEGR003
2020.08.09.;Hegesztő-1;6:00;22:00;MEGR003
2020.08.09.;Tesztelő-1;6:00;22:00;MEGR003
2020.08.09.;Hajlító-1;6:00;22:00;MEGR003
2020.08.10.;Tesztelő-1;6:00;8:59;MEGR003
2020.08.10.;Vágó-1;6:00;8:59;MEGR003
2020.08.10.;Hegesztő-2;6:00;8:59;MEGR003
2020.08.10.;Hegesztő-1;6:00;8:59;MEGR003
2020.08.10.;Festő-1;6:00;8:59;MEGR003
2020.08.10.;Festő-2;6:00;8:59;MEGR003
2020.08.10.;Hajlító-2;6:00;8:59;MEGR003
2020.08.10.;Csomagoló-1;6:00;8:59;MEGR003
2020.08.10.;Csomagoló-2;6:00;8:59;MEGR003
2020.08.10.;Festő-2;8:59;16:47;MEGR009
2020.08.10.;Festő-1;8:59;16:47;MEGR009
2020.08.10.;Csomagoló-2;8:59;16:47;MEGR009
2020.08.10.;Festő-3;8:59;16:47;MEGR009
2020.08.10.;Tesztelő-1;8:59;16:47;MEGR009
2020.08.10.;Csomagoló-1;8:59;16:47;MEGR009
2020.08.10.;Hegesztő-1;8:59;16:47;MEGR009
2020.08.10.;Hajlító-2;8:59;16:47;MEGR009
2020.08.10.;Hajlító-1;8:59;16:47;MEGR009
2020.08.10.;Hegesztő-2;8:59;16:47;MEGR009
2020.08.10.;Vágó-1;8:59;16:47;MEGR009
2020.08.10.;Hajlító-1;16:47;22:00;MEGR002
2020.08.10.;Csomagoló-1;16:47;22:00;MEGR002
2020.08.10.;Csomagoló-2;16:47;22:00;MEGR002
2020.08.10.;Festő-1;16:47;22:00;MEGR002
2020.08.10.;Tesztelő-1;16:47;22:00;MEGR002
2020.08.10.;Hegesztő-2;16:47;22:00;MEGR002
2020.08.10.;Hajlító-2;16:47;22:00;MEGR002
2020.08.10.;Festő-2;16:47;22:00;MEGR002
2020.08.10.;Festő-3;16:47;22:00;MEGR002
2020.08.10.;Vágó-1;16:47;22:00;MEGR002
2020.08.10.;Hegesztő-1;16:47;22:00;MEGR002
2020.08.11.;Tesztelő-1;6:00;22:00;MEGR002
2020.08.11.;Festő-1;6:00;22:00;MEGR002
2020.08.11.;Hajlító-2;6:00;22:00;MEGR002
2020.08.11.;Csomagoló-1;6:00;22:00;MEGR002
2020.08.11.;Festő-2;6:00;22:00;MEGR002
2020.08.11.;Csomagoló-2;6:00;22:00;MEGR002
2020.08.11.;Hegesztő-1;6:00;22:00;MEGR002
2020.08.11.;Hegesztő-2;6:00;22:00;MEGR002
2020.08.11.;Vágó-1;6:00;22:00;MEGR002
2020.08.11.;Hajlító-1;6:00;22:00;MEGR002
2020.08.11.;Festő-3;6:00;22:00;MEGR002
2020.08.12.;Tesztelő-1;6:00;22:00;MEGR002
2020.08.12.;Hajlító-2;6:00;22:00;MEGR002
2020.08.12.;Festő-2;6:00;22:00;MEGR002
2020.08.12.;Festő-3;6:00;22:00;MEGR002
2020.08.12.;Hegesztő-1;6:00;22:00;MEGR002
2020.08.12.;Hajlító-1;6:00;22:00;MEGR002
2020.08.12.;Csomagoló-1;6:00;22:00;MEGR002
2020.08.12.;Csomagoló-2;6:00;22:00;MEGR002
2020.08.12.;Vágó-1;6:00;22:00;MEGR002
2020.08.12.;Festő-1;6:00;22:00;MEGR002
2020.08.12.;Hegesztő-2;6:00;22:00;MEGR002
2020.08.13.;Festő-2;6:00;22:00;MEGR002
2020.08.13.;Festő-3;6:00;22:00;MEGR002
2020.08.13.;Tesztelő-1;6:00;22:00;MEGR002
2020.08.13.;Hegesztő-2;6:00;22:00;MEGR002
2020.08.13.;Csomagoló-1;6:00;22:00;MEGR002
2020.08.13.;Csomagoló-2;6:00;22:00;MEGR002
2020.08.13.;Festő-1;6:00;22:00;MEGR002
2020.08.13.;Vágó-1;6:00;22:00;MEGR002
2020.08.13.;Hegesztő-1;6:00;22:00;MEGR002
2020.08.13.;Hajlító-1;6:00;22:00;MEGR002
2020.08.20.;Hajlító-2;6:00;17:55;MEGR002
2020.08.13.;Hajlító-2;6:00;22:00;MEGR002
2020.08.14.;Csomagoló-2;6:00;22:00;MEGR002
2020.08.14.;Csomagoló-1;6:00;22:00;MEGR002
2020.08.14.;Hegesztő-1;6:00;22:00;MEGR002
2020.08.14.;Vágó-1;6:00;22:00;MEGR002
2020.08.14.;Hegesztő-2;6:00;22:00;MEGR002
2020.08.14.;Festő-3;6:00;22:00;MEGR002
2020.08.14.;Festő-2;6:00;22:00;MEGR002
2020.08.14.;Hajlító-1;6:00;22:00;MEGR002
2020.08.14.;Hajlító-2;6:00;22:00;MEGR002
2020.08.14.;Tesztelő-1;6:00;22:00;MEGR002
2020.08.16.;Hegesztő-1;6:00;22:00;MEGR002
2020.08.14.;Festő-1;6:00;22:00;MEGR002
2020.08.15.;Csomagoló-2;6:00;22:00;MEGR002
2020.08.15.;Csomagoló-1;6:00;22:00;MEGR002
2020.08.15.;Tesztelő-1;6:00;22:00;MEGR002
2020.08.15.;Hajlító-2;6:00;22:00;MEGR002
2020.08.15.;Vágó-1;6:00;22:00;MEGR002
2020.08.15.;Hegesztő-1;6:00;22:00;MEGR002
2020.08.15.;Hegesztő-2;6:00;22:00;MEGR002
2020.08.15.;Hajlító-1;6:00;22:00;MEGR002
2020.08.15.;Festő-3;6:00;22:00;MEGR002
2020.08.15.;Festő-2;6:00;22:00;MEGR002
2020.08.15.;Festő-1;6:00;22:00;MEGR002
2020.08.19.;Hajlító-1;6:00;22:00;MEGR002
2020.08.16.;Festő-2;6:00;22:00;MEGR002
2020.08.16.;Vágó-1;6:00;22:00;MEGR002
2020.08.16.;Hegesztő-2;6:00;22:00;MEGR002
2020.08.16.;Festő-3;6:00;22:00;MEGR002
2020.08.16.;Csomagoló-1;6:00;22:00;MEGR002
2020.08.16.;Festő-1;6:00;22:00;MEGR002
2020.08.16.;Hajlító-1;6:00;22:00;MEGR002
2020.08.16.;Hajlító-2;6:00;22:00;MEGR002
2020.08.16.;Tesztelő-1;6:00;22:00;MEGR002
2020.08.17.;Csomagoló-2;6:00;22:00;MEGR002
2020.08.17.;Vágó-1;6:00;22:00;MEGR002
2020.08.17.;Tesztelő-1;6:00;22:00;MEGR002
2020.08.17.;Festő-3;6:00;22:00;MEGR002
2020.08.17.;Festő-2;6:00;22:00;MEGR002
2020.08.17.;Csomagoló-1;6:00;22:00;MEGR002
2020.08.18.;Csomagoló-2;6:00;22:00;MEGR002
2020.08.17.;Festő-1;6:00;22:00;MEGR002
2020.08.17.;Hegesztő-1;6:00;22:00;MEGR002
2020.08.17.;Hajlító-2;6:00;22:00;MEGR002
2020.08.17.;Hajlító-1;6:00;22:00;MEGR002
2020.08.17.;Hegesztő-2;6:00;22:00;MEGR002
2020.08.18.;Hegesztő-1;6:00;22:00;MEGR002
2020.08.18.;Hajlító-1;6:00;22:00;MEGR002
2020.08.18.;Festő-1;6:00;22:00;MEGR002
2020.08.18.;Festő-2;6:00;22:00;MEGR002
2020.08.18.;Festő-3;6:00;22:00;MEGR002
2020.08.18.;Tesztelő-1;6:00;22:00;MEGR002
2020.08.18.;Csomagoló-1;6:00;22:00;MEGR002
2020.08.18.;Hegesztő-2;6:00;22:00;MEGR002
2020.08.18.;Hajlító-2;6:00;22:00;MEGR002
2020.08.18.;Vágó-1;6:00;22:00;MEGR002
2020.08.19.;Csomagoló-2;6:00;22:00;MEGR002
2020.08.19.;Festő-1;6:00;22:00;MEGR002
2020.08.16.;Csomagoló-2;6:00;22:00;MEGR002
2020.08.19.;Festő-3;6:00;22:00;MEGR002
2020.08.19.;Festő-2;6:00;22:00;MEGR002
2020.08.19.;Tesztelő-1;6:00;22:00;MEGR002
2020.08.19.;Csomagoló-1;6:00;22:00;MEGR002
2020.08.19.;Hajlító-2;6:00;22:00;MEGR002
2020.08.19.;Hegesztő-1;6:00;22:00;MEGR002
2020.08.19.;Hegesztő-2;6:00;22:00;MEGR002
2020.08.19.;Vágó-1;6:00;22:00;MEGR002
2020.08.20.;Csomagoló-2;6:00;17:55;MEGR002
2020.08.20.;Csomagoló-1;6:00;17:55;MEGR002
2020.08.20.;Festő-2;6:00;17:55;MEGR002
2020.08.20.;Festő-3;6:00;17:55;MEGR002
2020.08.20.;Festő-1;6:00;17:55;MEGR002
2020.08.20.;Tesztelő-1;6:00;17:55;MEGR002
2020.08.20.;Hajlító-1;6:00;17:55;MEGR002
2020.08.20.;Hegesztő-2;6:00;17:55;MEGR002
2020.08.20.;Hegesztő-1;6:00;17:55;MEGR002
2020.08.20.;Vágó-1;6:00;17:55;MEGR002
2020.08.20.;Festő-3;17:55;22:00;MEGR006
2020.08.20.;Festő-2;17:55;22:00;MEGR006
2020.08.20.;Festő-1;17:55;22:00;MEGR006
2020.08.20.;Tesztelő-1;17:55;22:00;MEGR006
2020.08.20.;Hegesztő-1;17:55;22:00;MEGR006
2020.08.20.;Hegesztő-2;17:55;22:00;MEGR006
2020.08.20.;Hajlító-2;17:55;22:00;MEGR006
2020.08.20.;Vágó-1;17:55;22:00;MEGR006
2020.08.20.;Csomagoló-2;17:55;22:00;MEGR006
2020.08.20.;Hajlító-1;17:55;22:00;MEGR006
2020.08.21.;Hajlító-1;6:00;22:00;MEGR006
2020.08.21.;Tesztelő-1;6:00;22:00;MEGR006
2020.08.21.;Csomagoló-2;6:00;22:00;MEGR006
2020.08.21.;Festő-1;6:00;22:00;MEGR006
2020.08.21.;Hegesztő-2;6:00;22:00;MEGR006
2020.08.21.;Hegesztő-1;6:00;22:00;MEGR006
2020.08.21.;Festő-2;6:00;22:00;MEGR006
2020.08.21.;Festő-3;6:00;22:00;MEGR006
2020.08.21.;Hajlító-2;6:00;22:00;MEGR006
2020.08.21.;Vágó-1;6:00;22:00;MEGR006
2020.08.21.;Csomagoló-1;6:00;22:00;MEGR006
2020.08.22.;Festő-1;6:00;22:00;MEGR006
2020.08.22.;Festő-2;6:00;22:00;MEGR006
2020.08.22.;Festő-3;6:00;22:00;MEGR006
2020.08.22.;Vágó-1;6:00;22:00;MEGR006
2020.08.20.;Csomagoló-1;17:55;22:00;MEGR006
2020.08.22.;Csomagoló-1;6:00;22:00;MEGR006
2020.08.22.;Hegesztő-2;6:00;22:00;MEGR006
2020.08.22.;Hegesztő-1;6:00;22:00;MEGR006
2020.08.22.;Csomagoló-2;6:00;22:00;MEGR006
2020.08.22.;Hajlító-2;6:00;22:00;MEGR006
2020.08.22.;Hajlító-1;6:00;22:00;MEGR006
2020.08.22.;Tesztelő-1;6:00;22:00;MEGR006
2020.08.23.;Csomagoló-1;6:00;7:03;MEGR006
2020.08.23.;Csomagoló-2;6:00;7:03;MEGR006
2020.08.23.;Hajlító-2;6:00;7:03;MEGR006
2020.08.23.;Festő-2;6:00;7:03;MEGR006
2020.08.23.;Vágó-1;6:00;7:03;MEGR006
2020.08.23.;Hajlító-1;6:00;7:03;MEGR006
2020.08.23.;Hegesztő-1;6:00;7:03;MEGR006
2020.08.23.;Festő-3;6:00;7:03;MEGR006
2020.08.23.;Tesztelő-1;6:00;7:03;MEGR006
2020.08.23.;Festő-1;6:00;7:03;MEGR006
2020.08.23.;Hegesztő-2;6:00;7:03;MEGR006
2020.08.24.;Vágó-1;7:03;22:00;MEGR013
2020.08.24.;Festő-3;7:03;22:00;MEGR013
2020.08.24.;Csomagoló-1;7:03;22:00;MEGR013
2020.08.24.;Festő-1;7:03;22:00;MEGR013
2020.08.24.;Festő-2;7:03;22:00;MEGR013
2020.08.24.;Hegesztő-1;7:03;22:00;MEGR013
2020.08.24.;Hegesztő-2;7:03;22:00;MEGR013
2020.08.24.;Csomagoló-2;7:03;22:00;MEGR013
2020.08.24.;Hajlító-1;7:03;22:00;MEGR013
2020.08.24.;Hajlító-2;7:03;22:00;MEGR013
2020.08.25.;Festő-1;6:00;22:00;MEGR013
2020.08.25.;Hegesztő-1;6:00;22:00;MEGR013
2020.08.25.;Tesztelő-1;6:00;22:00;MEGR013
2020.08.25.;Csomagoló-1;6:00;22:00;MEGR013
2020.08.25.;Hajlító-2;6:00;22:00;MEGR013
2020.08.25.;Hajlító-1;6:00;22:00;MEGR013
2020.08.25.;Festő-3;6:00;22:00;MEGR013
2020.08.25.;Csomagoló-2;6:00;22:00;MEGR013
2020.08.25.;Vágó-1;6:00;22:00;MEGR013
2020.08.25.;Hegesztő-2;6:00;22:00;MEGR013
2020.08.25.;Festő-2;6:00;22:00;MEGR013
2020.08.26.;Hegesztő-1;6:00;22:00;MEGR013
2020.08.26.;Hegesztő-2;6:00;22:00;MEGR013
2020.08.26.;Tesztelő-1;6:00;22:00;MEGR013
2020.08.26.;Hajlító-2;6:00;22:00;MEGR013
2020.08.24.;Tesztelő-1;7:03;22:00;MEGR013
2020.08.26.;Festő-2;6:00;22:00;MEGR013
2020.08.26.;Festő-3;6:00;22:00;MEGR013
2020.08.26.;Hajlító-1;6:00;22:00;MEGR013
2020.08.26.;Csomagoló-1;6:00;22:00;MEGR013
2020.08.26.;Csomagoló-2;6:00;22:00;MEGR013
2020.08.26.;Vágó-1;6:00;22:00;MEGR013
2020.08.26.;Festő-1;6:00;22:00;MEGR013
2020.08.27.;Festő-1;6:00;22:00;MEGR013
2020.08.27.;Festő-2;6:00;22:00;MEGR013
2020.08.27.;Festő-3;6:00;22:00;MEGR013
2020.08.27.;Csomagoló-1;6:00;22:00;MEGR013
2020.08.27.;Csomagoló-2;6:00;22:00;MEGR013
2020.08.27.;Tesztelő-1;6:00;22:00;MEGR013
2020.08.27.;Hajlító-1;6:00;22:00;MEGR013
2020.08.27.;Hegesztő-1;6:00;22:00;MEGR013
2020.08.27.;Vágó-1;6:00;22:00;MEGR013
2020.08.27.;Hajlító-2;6:00;22:00;MEGR013
2020.08.27.;Hegesztő-2;6:00;22:00;MEGR013
2020.08.28.;Hajlító-2;6:00;22:00;MEGR013
2020.08.28.;Vágó-1;6:00;22:00;MEGR013
2020.08.28.;Csomagoló-1;6:00;22:00;MEGR013
2020.08.28.;Hajlító-1;6:00;22:00;MEGR013
2020.08.30.;Hegesztő-1;6:00;22:00;MEGR013
2020.08.28.;Tesztelő-1;6:00;22:00;MEGR013
2020.08.28.;Hegesztő-1;6:00;22:00;MEGR013
2020.08.28.;Hegesztő-2;6:00;22:00;MEGR013
2020.08.28.;Csomagoló-2;6:00;22:00;MEGR013
2020.08.28.;Festő-1;6:00;22:00;MEGR013
2020.08.28.;Festő-2;6:00;22:00;MEGR013
2020.08.28.;Festő-3;6:00;22:00;MEGR013
2020.08.29.;Hajlító-1;6:00;22:00;MEGR013
2020.08.29.;Festő-1;6:00;22:00;MEGR013
2020.08.29.;Hajlító-2;6:00;22:00;MEGR013
2020.08.29.;Hegesztő-2;6:00;22:00;MEGR013
2020.08.29.;Vágó-1;6:00;22:00;MEGR013
2020.08.29.;Festő-2;6:00;22:00;MEGR013
2020.08.29.;Tesztelő-1;6:00;22:00;MEGR013
2020.08.29.;Hegesztő-1;6:00;22:00;MEGR013
2020.08.29.;Csomagoló-1;6:00;22:00;MEGR013
2020.08.29.;Csomagoló-2;6:00;22:00;MEGR013
2020.08.29.;Festő-3;6:00;22:00;MEGR013
2020.08.30.;Festő-3;6:00;22:00;MEGR013
2020.08.30.;Vágó-1;6:00;22:00;MEGR013
2020.08.30.;Csomagoló-1;6:00;22:00;MEGR013
2020.08.30.;Csomagoló-2;6:00;22:00;MEGR013
2020.08.30.;Festő-2;6:00;22:00;MEGR013
2020.08.30.;Festő-1;6:00;22:00;MEGR013
2020.08.30.;Hajlító-2;6:00;22:00;MEGR013
2020.08.30.;Hegesztő-2;6:00;22:00;MEGR013
2020.08.30.;Hajlító-1;6:00;22:00;MEGR013
2020.08.30.;Tesztelő-1;6:00;22:00;MEGR013
2020.08.31.;Festő-3;6:00;22:00;MEGR013
2020.08.31.;Csomagoló-2;6:00;22:00;MEGR013
2020.08.31.;Hajlító-2;6:00;22:00;MEGR013
2020.08.31.;Csomagoló-1;6:00;22:00;MEGR013
2020.08.31.;Vágó-1;6:00;22:00;MEGR013
2020.08.31.;Hajlító-1;6:00;22:00;MEGR013
2020.08.31.;Hegesztő-1;6:00;22:00;MEGR013
2020.08.31.;Hegesztő-2;6:00;22:00;MEGR013
2020.08.31.;Tesztelő-1;6:00;22:00;MEGR013
2020.08.31.;Festő-2;6:00;22:00;MEGR013
2020.08.31.;Festő-1;6:00;22:00;MEGR013
2020.09.01.;Csomagoló-2;6:00;17:31;MEGR013
2020.09.01.;Csomagoló-1;6:00;17:31;MEGR013
2020.09.01.;Hegesztő-1;6:00;17:31;MEGR013
2020.09.01.;Tesztelő-1;6:00;17:31;MEGR013
2020.09.01.;Hajlító-2;6:00;17:31;MEGR013
2020.09.01.;Hajlító-1;6:00;17:31;MEGR013
2020.09.01.;Vágó-1;6:00;17:31;MEGR013
2020.09.01.;Festő-3;6:00;17:31;MEGR013
2020.09.01.;Festő-2;6:00;17:31;MEGR013
2020.09.01.;Festő-1;6:00;17:31;MEGR013
2020.09.01.;Hegesztő-2;6:00;17:31;MEGR013
2020.09.01.;Hegesztő-2;17:31;22:00;MEGR001
2020.09.01.;Csomagoló-2;17:31;22:00;MEGR001
2020.09.01.;Csomagoló-1;17:31;22:00;MEGR001
2020.09.01.;Festő-3;17:31;22:00;MEGR001
2020.09.01.;Festő-2;17:31;22:00;MEGR001
2020.09.01.;Tesztelő-1;17:31;22:00;MEGR001
2020.09.01.;Hegesztő-1;17:31;22:00;MEGR001
2020.09.01.;Festő-1;17:31;22:00;MEGR001
2020.09.01.;Vágó-1;17:31;22:00;MEGR001
2020.09.01.;Hajlító-1;17:31;22:00;MEGR001
2020.09.02.;Hajlító-1;6:00;22:00;MEGR001
2020.09.02.;Hegesztő-2;6:00;22:00;MEGR001
2020.09.02.;Hegesztő-1;6:00;22:00;MEGR001
2020.09.02.;Csomagoló-1;6:00;22:00;MEGR001
2020.09.02.;Csomagoló-2;6:00;22:00;MEGR001
2020.09.02.;Tesztelő-1;6:00;22:00;MEGR001
2020.09.02.;Festő-2;6:00;22:00;MEGR001
2020.09.02.;Festő-1;6:00;22:00;MEGR001
2020.09.02.;Hajlító-2;6:00;22:00;MEGR001
2020.09.02.;Festő-3;6:00;22:00;MEGR001
2020.09.02.;Vágó-1;6:00;22:00;MEGR001
2020.09.03.;Festő-1;6:00;22:00;MEGR001
2020.09.03.;Festő-3;6:00;22:00;MEGR001
2020.09.03.;Tesztelő-1;6:00;22:00;MEGR001
2020.09.03.;Festő-2;6:00;22:00;MEGR001
2020.09.03.;Hegesztő-1;6:00;22:00;MEGR001
2020.09.01.;Hajlító-2;17:31;22:00;MEGR001
2020.09.03.;Hegesztő-2;6:00;22:00;MEGR001
2020.09.03.;Vágó-1;6:00;22:00;MEGR001
2020.09.03.;Csomagoló-1;6:00;22:00;MEGR001
2020.09.03.;Csomagoló-2;6:00;22:00;MEGR001
2020.09.03.;Hajlító-2;6:00;22:00;MEGR001
2020.09.03.;Hajlító-1;6:00;22:00;MEGR001
2020.09.04.;Festő-2;6:00;22:00;MEGR001
2020.09.04.;Csomagoló-1;6:00;22:00;MEGR001
2020.09.04.;Csomagoló-2;6:00;22:00;MEGR001
2020.09.04.;Festő-3;6:00;22:00;MEGR001
2020.09.04.;Festő-1;6:00;22:00;MEGR001
2020.09.04.;Hajlító-1;6:00;22:00;MEGR001
2020.09.04.;Vágó-1;6:00;22:00;MEGR001
2020.09.04.;Hegesztő-1;6:00;22:00;MEGR001
2020.09.04.;Hegesztő-2;6:00;22:00;MEGR001
2020.09.06.;Tesztelő-1;6:00;21:36;MEGR001
2020.09.04.;Hajlító-2;6:00;22:00;MEGR001
2020.09.04.;Tesztelő-1;6:00;22:00;MEGR001
2020.09.05.;Hegesztő-2;6:00;22:00;MEGR001
2020.09.05.;Csomagoló-1;6:00;22:00;MEGR001
2020.09.05.;Tesztelő-1;6:00;22:00;MEGR001
2020.09.05.;Hajlító-1;6:00;22:00;MEGR001
2020.09.05.;Hajlító-2;6:00;22:00;MEGR001
2020.09.05.;Vágó-1;6:00;22:00;MEGR001
2020.09.05.;Csomagoló-2;6:00;22:00;MEGR001
2020.09.05.;Festő-3;6:00;22:00;MEGR001
2020.09.05.;Hegesztő-1;6:00;22:00;MEGR001
2020.09.05.;Festő-2;6:00;22:00;MEGR001
2020.09.05.;Festő-1;6:00;22:00;MEGR001
2020.09.06.;Festő-2;6:00;21:36;MEGR001
2020.09.06.;Festő-1;6:00;21:36;MEGR001
2020.09.06.;Csomagoló-2;6:00;21:36;MEGR001
2020.09.06.;Hegesztő-1;6:00;21:36;MEGR001
2020.09.06.;Csomagoló-1;6:00;21:36;MEGR001
2020.09.06.;Hajlító-1;6:00;21:36;MEGR001
2020.09.06.;Hajlító-2;6:00;21:36;MEGR001
2020.09.06.;Vágó-1;6:00;21:36;MEGR001
2020.09.06.;Festő-3;6:00;21:36;MEGR001
2020.09.06.;Hegesztő-2;6:00;21:36;MEGR001
2020.09.06.;Festő-1;21:36;22:00;MEGR014
2020.09.06.;Hajlító-2;21:36;22:00;MEGR014
2020.09.06.;Hajlító-1;21:36;22:00;MEGR014
2020.09.06.;Tesztelő-1;21:36;22:00;MEGR014
2020.09.06.;Csomagoló-2;21:36;22:00;MEGR014
2020.09.06.;Vágó-1;21:36;22:00;MEGR014
2020.09.06.;Festő-3;21:36;22:00;MEGR014
2020.09.06.;Hegesztő-2;21:36;22:00;MEGR014
2020.09.06.;Csomagoló-1;21:36;22:00;MEGR014
2020.09.06.;Festő-2;21:36;22:00;MEGR014
2020.09.07.;Hegesztő-1;6:00;22:00;MEGR014
2020.09.07.;Tesztelő-1;6:00;22:00;MEGR014
2020.09.07.;Csomagoló-2;6:00;22:00;MEGR014
2020.09.06.;Hegesztő-1;21:36;22:00;MEGR014
2020.09.07.;Festő-2;6:00;22:00;MEGR014
2020.09.07.;Festő-3;6:00;22:00;MEGR014
2020.09.07.;Csomagoló-1;6:00;22:00;MEGR014
2020.09.07.;Festő-1;6:00;22:00;MEGR014
2020.09.07.;Hegesztő-2;6:00;22:00;MEGR014
2020.09.07.;Vágó-1;6:00;22:00;MEGR014
2020.09.07.;Hajlító-1;6:00;22:00;MEGR014
2020.09.07.;Hajlító-2;6:00;22:00;MEGR014
2020.09.08.;Vágó-1;6:00;22:00;MEGR014
2020.09.08.;Festő-3;6:00;22:00;MEGR014
2020.09.08.;Festő-2;6:00;22:00;MEGR014
2020.09.08.;Festő-1;6:00;22:00;MEGR014
2020.09.08.;Csomagoló-1;6:00;22:00;MEGR014
2020.09.08.;Hajlító-2;6:00;22:00;MEGR014
2020.09.08.;Tesztelő-1;6:00;22:00;MEGR014
2020.09.12.;Hajlító-1;6:00;9:01;MEGR014
2020.09.08.;Hajlító-1;6:00;22:00;MEGR014
2020.09.08.;Hegesztő-1;6:00;22:00;MEGR014
2020.09.08.;Hegesztő-2;6:00;22:00;MEGR014
2020.09.09.;Vágó-1;6:00;22:00;MEGR014
2020.09.09.;Festő-2;6:00;22:00;MEGR014
2020.09.09.;Csomagoló-1;6:00;22:00;MEGR014
2020.09.09.;Hajlító-2;6:00;22:00;MEGR014
2020.09.09.;Hajlító-1;6:00;22:00;MEGR014
2020.09.09.;Csomagoló-2;6:00;22:00;MEGR014
2020.09.09.;Tesztelő-1;6:00;22:00;MEGR014
2020.09.09.;Festő-3;6:00;22:00;MEGR014
2020.09.09.;Festő-1;6:00;22:00;MEGR014
2020.09.09.;Hegesztő-2;6:00;22:00;MEGR014
2020.09.09.;Hegesztő-1;6:00;22:00;MEGR014
2020.09.11.;Hegesztő-1;6:00;22:00;MEGR014
2020.09.10.;Festő-2;6:00;22:00;MEGR014
2020.09.10.;Festő-3;6:00;22:00;MEGR014
2020.09.10.;Vágó-1;6:00;22:00;MEGR014
2020.09.10.;Festő-1;6:00;22:00;MEGR014
2020.09.10.;Hajlító-2;6:00;22:00;MEGR014
2020.09.10.;Hajlító-1;6:00;22:00;MEGR014
2020.09.10.;Csomagoló-1;6:00;22:00;MEGR014
2020.09.10.;Csomagoló-2;6:00;22:00;MEGR014
2020.09.10.;Tesztelő-1;6:00;22:00;MEGR014
2020.09.10.;Hegesztő-2;6:00;22:00;MEGR014
2020.09.10.;Hegesztő-1;6:00;22:00;MEGR014
2020.09.11.;Hajlító-1;6:00;22:00;MEGR014
2020.09.11.;Hegesztő-2;6:00;22:00;MEGR014
2020.09.11.;Csomagoló-2;6:00;22:00;MEGR014
2020.09.11.;Hajlító-2;6:00;22:00;MEGR014
2020.09.12.;Csomagoló-1;6:00;9:01;MEGR014
2020.09.11.;Festő-3;6:00;22:00;MEGR014
2020.09.08.;Csomagoló-2;6:00;22:00;MEGR014
2020.09.11.;Festő-2;6:00;22:00;MEGR014
2020.09.11.;Festő-1;6:00;22:00;MEGR014
2020.09.11.;Tesztelő-1;6:00;22:00;MEGR014
2020.09.11.;Vágó-1;6:00;22:00;MEGR014
2020.09.11.;Csomagoló-1;6:00;22:00;MEGR014
2020.09.12.;Csomagoló-2;6:00;9:01;MEGR014
2020.09.12.;Festő-3;6:00;9:01;MEGR014
2020.09.12.;Festő-1;6:00;9:01;MEGR014
2020.09.12.;Vágó-1;6:00;9:01;MEGR014
2020.09.12.;Tesztelő-1;6:00;9:01;MEGR014
2020.09.12.;Hegesztő-2;6:00;9:01;MEGR014
2020.09.12.;Hegesztő-1;6:00;9:01;MEGR014
2020.09.12.;Hajlító-2;6:00;9:01;MEGR014
2020.09.12.;Festő-2;6:00;9:01;MEGR014
2020.09.13.;Hajlító-2;9:01;22:00;MEGR007
2020.09.13.;Festő-2;9:01;22:00;MEGR007
2020.09.13.;Csomagoló-1;9:01;22:00;MEGR007
2020.09.13.;Csomagoló-2;9:01;22:00;MEGR007
2020.09.13.;Festő-1;9:01;22:00;MEGR007
2020.09.13.;Tesztelő-1;9:01;22:00;MEGR007
2020.09.13.;Hajlító-1;9:01;22:00;MEGR007
2020.09.13.;Vágó-1;9:01;22:00;MEGR007
2020.09.13.;Hegesztő-2;9:01;22:00;MEGR007
2020.09.13.;Festő-3;9:01;22:00;MEGR007
2020.09.14.;Hegesztő-2;6:00;22:00;MEGR007
2020.09.14.;Hegesztő-1;6:00;22:00;MEGR007
2020.09.14.;Hajlító-2;6:00;22:00;MEGR007
2020.09.14.;Hajlító-1;6:00;22:00;MEGR007
2020.09.14.;Tesztelő-1;6:00;22:00;MEGR007
2020.09.14.;Festő-3;6:00;22:00;MEGR007
2020.09.13.;Hegesztő-1;9:01;22:00;MEGR007
2020.09.14.;Festő-2;6:00;22:00;MEGR007
2020.09.14.;Csomagoló-1;6:00;22:00;MEGR007
2020.09.14.;Csomagoló-2;6:00;22:00;MEGR007
2020.09.14.;Vágó-1;6:00;22:00;MEGR007
2020.09.14.;Festő-1;6:00;22:00;MEGR007
2020.09.15.;Festő-1;6:00;22:00;MEGR007
2020.09.15.;Festő-2;6:00;22:00;MEGR007
2020.09.15.;Festő-3;6:00;22:00;MEGR007
2020.09.15.;Tesztelő-1;6:00;22:00;MEGR007
2020.09.15.;Csomagoló-1;6:00;22:00;MEGR007
2020.09.15.;Hegesztő-2;6:00;22:00;MEGR007
2020.09.15.;Hegesztő-1;6:00;22:00;MEGR007
2020.09.15.;Csomagoló-2;6:00;22:00;MEGR007
2020.09.15.;Hajlító-1;6:00;22:00;MEGR007
2020.09.15.;Hajlító-2;6:00;22:00;MEGR007
2020.09.15.;Vágó-1;6:00;22:00;MEGR007
2020.09.16.;Hajlító-2;6:00;22:00;MEGR007
2020.09.16.;Hajlító-1;6:00;22:00;MEGR007
2020.09.16.;Tesztelő-1;6:00;22:00;MEGR007
2020.09.16.;Festő-1;6:00;22:00;MEGR007
2020.09.16.;Festő-2;6:00;22:00;MEGR007
2020.09.16.;Hegesztő-1;6:00;22:00;MEGR007
2020.09.21.;Hajlító-1;6:00;22:00;MEGR007
2020.09.16.;Festő-3;6:00;22:00;MEGR007
2020.09.16.;Vágó-1;6:00;22:00;MEGR007
2020.09.16.;Csomagoló-1;6:00;22:00;MEGR007
2020.09.16.;Csomagoló-2;6:00;22:00;MEGR007
2020.09.16.;Hegesztő-2;6:00;22:00;MEGR007
2020.09.17.;Festő-3;6:00;22:00;MEGR007
2020.09.17.;Vágó-1;6:00;22:00;MEGR007
2020.09.17.;Tesztelő-1;6:00;22:00;MEGR007
2020.09.17.;Csomagoló-1;6:00;22:00;MEGR007
2020.09.17.;Csomagoló-2;6:00;22:00;MEGR007
2020.09.17.;Hajlító-1;6:00;22:00;MEGR007
2020.09.17.;Hegesztő-2;6:00;22:00;MEGR007
2020.09.17.;Festő-2;6:00;22:00;MEGR007
2020.09.17.;Festő-1;6:00;22:00;MEGR007
2020.09.17.;Hajlító-2;6:00;22:00;MEGR007
2020.09.17.;Hegesztő-1;6:00;22:00;MEGR007
2020.09.18.;Hegesztő-2;6:00;22:00;MEGR007
2020.09.18.;Hajlító-1;6:00;22:00;MEGR007
2020.09.18.;Festő-3;6:00;22:00;MEGR007
2020.09.18.;Tesztelő-1;6:00;22:00;MEGR007
2020.09.18.;Csomagoló-2;6:00;22:00;MEGR007
2020.09.18.;Csomagoló-1;6:00;22:00;MEGR007
2020.09.18.;Vágó-1;6:00;22:00;MEGR007
2020.09.18.;Hajlító-2;6:00;22:00;MEGR007
2020.09.18.;Festő-2;6:00;22:00;MEGR007
2020.09.18.;Festő-1;6:00;22:00;MEGR007
2020.09.18.;Hegesztő-1;6:00;22:00;MEGR007
2020.09.19.;Festő-1;6:00;22:00;MEGR007
2020.09.19.;Festő-2;6:00;22:00;MEGR007
2020.09.19.;Festő-3;6:00;22:00;MEGR007
2020.09.19.;Vágó-1;6:00;22:00;MEGR007
2020.09.19.;Csomagoló-1;6:00;22:00;MEGR007
2020.09.19.;Csomagoló-2;6:00;22:00;MEGR007
2020.09.19.;Tesztelő-1;6:00;22:00;MEGR007
2020.09.19.;Hegesztő-2;6:00;22:00;MEGR007
2020.09.19.;Hegesztő-1;6:00;22:00;MEGR007
2020.09.19.;Hajlító-2;6:00;22:00;MEGR007
2020.09.19.;Hajlító-1;6:00;22:00;MEGR007
2020.09.20.;Festő-2;6:00;22:00;MEGR007
2020.09.20.;Vágó-1;6:00;22:00;MEGR007
2020.09.20.;Csomagoló-1;6:00;22:00;MEGR007
2020.09.20.;Csomagoló-2;6:00;22:00;MEGR007
2020.09.20.;Festő-1;6:00;22:00;MEGR007
2020.09.20.;Hajlító-2;6:00;22:00;MEGR007
2020.09.20.;Festő-3;6:00;22:00;MEGR007
2020.09.20.;Hegesztő-2;6:00;22:00;MEGR007
2020.09.20.;Hegesztő-1;6:00;22:00;MEGR007
2020.09.20.;Hajlító-1;6:00;22:00;MEGR007
2020.09.20.;Tesztelő-1;6:00;22:00;MEGR007
2020.09.21.;Hegesztő-2;6:00;22:00;MEGR007
2020.09.21.;Hegesztő-1;6:00;22:00;MEGR007
2020.09.21.;Festő-3;6:00;22:00;MEGR007
2020.09.21.;Festő-2;6:00;22:00;MEGR007
2020.09.21.;Csomagoló-1;6:00;22:00;MEGR007
2020.09.21.;Csomagoló-2;6:00;22:00;MEGR007
2020.09.21.;Tesztelő-1;6:00;22:00;MEGR007
2020.09.21.;Vágó-1;6:00;22:00;MEGR007
2020.09.23.;Tesztelő-1;6:00;22:00;MEGR007
2020.09.21.;Festő-1;6:00;22:00;MEGR007
2020.09.22.;Hajlító-1;6:00;22:00;MEGR007
2020.09.22.;Festő-3;6:00;22:00;MEGR007
2020.09.22.;Vágó-1;6:00;22:00;MEGR007
2020.09.22.;Tesztelő-1;6:00;22:00;MEGR007
2020.09.22.;Hegesztő-1;6:00;22:00;MEGR007
2020.09.22.;Festő-2;6:00;22:00;MEGR007
2020.09.23.;Csomagoló-2;6:00;22:00;MEGR007
2020.09.22.;Csomagoló-1;6:00;22:00;MEGR007
2020.09.22.;Csomagoló-2;6:00;22:00;MEGR007
2020.09.22.;Hajlító-2;6:00;22:00;MEGR007
2020.09.22.;Hegesztő-2;6:00;22:00;MEGR007
2020.09.22.;Festő-1;6:00;22:00;MEGR007
2020.09.23.;Hegesztő-2;6:00;22:00;MEGR007
2020.09.23.;Hegesztő-1;6:00;22:00;MEGR007
2020.09.23.;Hajlító-2;6:00;22:00;MEGR007
2020.09.23.;Festő-3;6:00;22:00;MEGR007
2020.09.23.;Hajlító-1;6:00;22:00;MEGR007
2020.09.23.;Festő-1;6:00;22:00;MEGR007
2020.09.23.;Festő-2;6:00;22:00;MEGR007
2020.09.23.;Csomagoló-1;6:00;22:00;MEGR007
2020.09.23.;Vágó-1;6:00;22:00;MEGR007
2020.09.24.;Hegesztő-2;6:00;22:00;MEGR007
2020.09.24.;Festő-1;6:00;22:00;MEGR007
2020.09.24.;Festő-2;6:00;22:00;MEGR007
2020.09.24.;Festő-3;6:00;22:00;MEGR007
2020.09.24.;Hajlító-1;6:00;22:00;MEGR007
2020.09.24.;Hajlító-2;6:00;22:00;MEGR007
2020.09.24.;Csomagoló-2;6:00;22:00;MEGR007
2020.09.24.;Vágó-1;6:00;22:00;MEGR007
2020.09.24.;Hegesztő-1;6:00;22:00;MEGR007
2020.09.24.;Tesztelő-1;6:00;22:00;MEGR007
2020.09.24.;Csomagoló-1;6:00;22:00;MEGR007
2020.09.25.;Csomagoló-2;6:00;22:00;MEGR007
2020.09.25.;Hajlító-2;6:00;22:00;MEGR007
2020.09.25.;Hajlító-1;6:00;22:00;MEGR007
2020.09.25.;Tesztelő-1;6:00;22:00;MEGR007
2020.09.21.;Hajlító-2;6:00;22:00;MEGR007
2020.09.25.;Festő-3;6:00;22:00;MEGR007
2020.09.25.;Festő-2;6:00;22:00;MEGR007
2020.09.25.;Festő-1;6:00;22:00;MEGR007
2020.09.25.;Csomagoló-1;6:00;22:00;MEGR007
2020.09.25.;Hegesztő-2;6:00;22:00;MEGR007
2020.09.25.;Hegesztő-1;6:00;22:00;MEGR007
2020.09.25.;Vágó-1;6:00;22:00;MEGR007
2020.09.26.;Csomagoló-1;6:00;22:00;MEGR007
2020.09.26.;Csomagoló-2;6:00;22:00;MEGR007
2020.09.26.;Festő-1;6:00;22:00;MEGR007
2020.09.26.;Festő-3;6:00;22:00;MEGR007
2020.09.26.;Festő-2;6:00;22:00;MEGR007
2020.09.26.;Hegesztő-1;6:00;22:00;MEGR007
2020.09.26.;Hegesztő-2;6:00;22:00;MEGR007
2020.09.26.;Tesztelő-1;6:00;22:00;MEGR007
2020.09.26.;Hajlító-1;6:00;22:00;MEGR007
2020.09.26.;Hajlító-2;6:00;22:00;MEGR007
2020.09.26.;Vágó-1;6:00;22:00;MEGR007
2020.09.27.;Festő-2;6:00;19:56;MEGR007
2020.09.27.;Csomagoló-2;6:00;19:56;MEGR007
2020.09.27.;Csomagoló-1;6:00;19:56;MEGR007
2020.09.27.;Tesztelő-1;6:00;19:56;MEGR007
2020.09.27.;Hajlító-2;6:00;19:56;MEGR007
2020.09.27.;Hajlító-1;6:00;19:56;MEGR007
2020.09.27.;Vágó-1;6:00;19:56;MEGR007
2020.09.27.;Hegesztő-2;6:00;19:56;MEGR007
2020.09.27.;Hegesztő-1;6:00;19:56;MEGR007
2020.09.27.;Festő-1;6:00;19:56;MEGR007
2020.09.27.;Festő-3;6:00;19:56;MEGR007
2020.09.27.;Hegesztő-2;19:56;22:00;MEGR012
2020.09.27.;Hegesztő-1;19:56;22:00;MEGR012
2020.09.27.;Tesztelő-1;19:56;22:00;MEGR012
2020.09.27.;Hajlító-2;19:56;22:00;MEGR012
2020.09.27.;Festő-2;19:56;22:00;MEGR012
2020.09.27.;Csomagoló-1;19:56;22:00;MEGR012
2020.09.27.;Csomagoló-2;19:56;22:00;MEGR012
2020.09.27.;Festő-1;19:56;22:00;MEGR012
2020.09.27.;Hajlító-1;19:56;22:00;MEGR012
2020.09.27.;Vágó-1;19:56;22:00;MEGR012
2020.09.28.;Hegesztő-2;6:00;22:00;MEGR012
2020.09.28.;Hegesztő-1;6:00;22:00;MEGR012
2020.09.28.;Festő-1;6:00;22:00;MEGR012
2020.09.28.;Hajlító-2;6:00;22:00;MEGR012
2020.09.28.;Csomagoló-1;6:00;22:00;MEGR012
2020.09.28.;Csomagoló-2;6:00;22:00;MEGR012
2020.09.28.;Hajlító-1;6:00;22:00;MEGR012
2020.09.28.;Vágó-1;6:00;22:00;MEGR012
2020.09.28.;Tesztelő-1;6:00;22:00;MEGR012
2020.09.29.;Vágó-1;6:00;22:00;MEGR012
2020.09.29.;Hegesztő-2;6:00;22:00;MEGR012
2020.09.29.;Festő-1;6:00;22:00;MEGR012
2020.09.29.;Festő-2;6:00;22:00;MEGR012
2020.09.29.;Hajlító-2;6:00;22:00;MEGR012
2020.09.29.;Tesztelő-1;6:00;22:00;MEGR012
2020.10.07.;Vágó-1;6:00;22:00;MEGR012
2020.09.29.;Hajlító-1;6:00;22:00;MEGR012
2020.09.29.;Csomagoló-2;6:00;22:00;MEGR012
2020.09.29.;Csomagoló-1;6:00;22:00;MEGR012
2020.09.29.;Hegesztő-1;6:00;22:00;MEGR012
2020.09.30.;Csomagoló-1;6:00;22:00;MEGR012
2020.09.30.;Csomagoló-2;6:00;22:00;MEGR012
2020.09.30.;Vágó-1;6:00;22:00;MEGR012
2020.09.30.;Festő-1;6:00;22:00;MEGR012
2020.09.30.;Festő-2;6:00;22:00;MEGR012
2020.09.30.;Tesztelő-1;6:00;22:00;MEGR012
2020.09.30.;Hegesztő-2;6:00;22:00;MEGR012
2020.09.30.;Hajlító-1;6:00;22:00;MEGR012
2020.09.30.;Hajlító-2;6:00;22:00;MEGR012
2020.10.01.;Csomagoló-1;6:00;22:00;MEGR012
2020.10.01.;Hajlító-2;6:00;22:00;MEGR012
2020.10.01.;Festő-1;6:00;22:00;MEGR012
2020.10.01.;Csomagoló-2;6:00;22:00;MEGR012
2020.10.01.;Tesztelő-1;6:00;22:00;MEGR012
2020.10.01.;Hegesztő-2;6:00;22:00;MEGR012
2020.10.01.;Vágó-1;6:00;22:00;MEGR012
2020.10.01.;Hajlító-1;6:00;22:00;MEGR012
2020.10.01.;Festő-2;6:00;22:00;MEGR012
2020.10.02.;Hajlító-1;6:00;22:00;MEGR012
2020.10.01.;Hegesztő-1;6:00;22:00;MEGR012
2020.10.02.;Festő-2;6:00;22:00;MEGR012
2020.10.02.;Hajlító-2;6:00;22:00;MEGR012
2020.10.02.;Tesztelő-1;6:00;22:00;MEGR012
2020.10.02.;Vágó-1;6:00;22:00;MEGR012
2020.10.02.;Hegesztő-1;6:00;22:00;MEGR012
2020.10.02.;Hegesztő-2;6:00;22:00;MEGR012
2020.10.02.;Csomagoló-2;6:00;22:00;MEGR012
2020.10.02.;Festő-1;6:00;22:00;MEGR012
2020.10.03.;Festő-2;6:00;22:00;MEGR012
2020.09.28.;Festő-2;6:00;22:00;MEGR012
2020.10.03.;Hegesztő-1;6:00;22:00;MEGR012
2020.10.03.;Festő-1;6:00;22:00;MEGR012
2020.10.03.;Hegesztő-2;6:00;22:00;MEGR012
2020.10.03.;Hajlító-2;6:00;22:00;MEGR012
2020.10.03.;Tesztelő-1;6:00;22:00;MEGR012
2020.10.03.;Csomagoló-1;6:00;22:00;MEGR012
2020.10.03.;Csomagoló-2;6:00;22:00;MEGR012
2020.10.04.;Csomagoló-2;6:00;22:00;MEGR012
2020.10.03.;Hajlító-1;6:00;22:00;MEGR012
2020.10.03.;Vágó-1;6:00;22:00;MEGR012
2020.10.04.;Hajlító-2;6:00;22:00;MEGR012
2020.10.04.;Hajlító-1;6:00;22:00;MEGR012
2020.10.04.;Hegesztő-1;6:00;22:00;MEGR012
2020.10.04.;Vágó-1;6:00;22:00;MEGR012
2020.10.04.;Festő-1;6:00;22:00;MEGR012
2020.10.04.;Festő-2;6:00;22:00;MEGR012
2020.10.04.;Csomagoló-1;6:00;22:00;MEGR012
2020.10.04.;Tesztelő-1;6:00;22:00;MEGR012
2020.10.04.;Hegesztő-2;6:00;22:00;MEGR012
2020.10.05.;Festő-2;6:00;22:00;MEGR012
2020.10.05.;Festő-1;6:00;22:00;MEGR012
2020.10.05.;Csomagoló-2;6:00;22:00;MEGR012
2020.10.05.;Hegesztő-2;6:00;22:00;MEGR012
2020.10.05.;Tesztelő-1;6:00;22:00;MEGR012
2020.10.05.;Vágó-1;6:00;22:00;MEGR012
2020.10.05.;Hajlító-1;6:00;22:00;MEGR012
2020.10.05.;Hajlító-2;6:00;22:00;MEGR012
2020.10.05.;Hegesztő-1;6:00;22:00;MEGR012
2020.10.05.;Csomagoló-1;6:00;22:00;MEGR012
2020.10.06.;Tesztelő-1;6:00;22:00;MEGR012
2020.10.06.;Hajlító-1;6:00;22:00;MEGR012
2020.10.06.;Hajlító-2;6:00;22:00;MEGR012
2020.10.06.;Vágó-1;6:00;22:00;MEGR012
2020.09.30.;Hegesztő-1;6:00;22:00;MEGR012
2020.10.06.;Csomagoló-1;6:00;22:00;MEGR012
2020.10.06.;Csomagoló-2;6:00;22:00;MEGR012
2020.10.06.;Hegesztő-2;6:00;22:00;MEGR012
2020.10.06.;Hegesztő-1;6:00;22:00;MEGR012
2020.10.06.;Festő-2;6:00;22:00;MEGR012
2020.10.06.;Festő-1;6:00;22:00;MEGR012
2020.10.07.;Hegesztő-2;6:00;22:00;MEGR012
2020.10.07.;Hegesztő-1;6:00;22:00;MEGR012
2020.10.07.;Tesztelő-1;6:00;22:00;MEGR012
2020.10.07.;Csomagoló-1;6:00;22:00;MEGR012
2020.10.07.;Hajlító-2;6:00;22:00;MEGR012
2020.10.07.;Hajlító-1;6:00;22:00;MEGR012
2020.10.07.;Festő-2;6:00;22:00;MEGR012
2020.10.07.;Festő-1;6:00;22:00;MEGR012
2020.10.08.;Csomagoló-1;6:00;22:00;MEGR012
2020.10.07.;Csomagoló-2;6:00;22:00;MEGR012
2020.10.08.;Tesztelő-1;6:00;22:00;MEGR012
2020.10.08.;Vágó-1;6:00;22:00;MEGR012
2020.10.08.;Festő-1;6:00;22:00;MEGR012
2020.10.08.;Festő-2;6:00;22:00;MEGR012
2020.10.08.;Hajlító-2;6:00;22:00;MEGR012
2020.10.08.;Hajlító-1;6:00;22:00;MEGR012
2020.10.08.;Csomagoló-2;6:00;22:00;MEGR012
2020.10.08.;Hegesztő-1;6:00;22:00;MEGR012
2020.10.08.;Hegesztő-2;6:00;22:00;MEGR012
2020.10.09.;Csomagoló-1;6:00;22:00;MEGR012
2020.10.09.;Vágó-1;6:00;22:00;MEGR012
2020.10.09.;Hegesztő-1;6:00;22:00;MEGR012
2020.10.09.;Tesztelő-1;6:00;22:00;MEGR012
2020.10.09.;Hajlító-1;6:00;22:00;MEGR012
2020.10.09.;Festő-2;6:00;22:00;MEGR012
2020.10.09.;Festő-1;6:00;22:00;MEGR012
2020.10.09.;Csomagoló-2;6:00;22:00;MEGR012
2020.10.09.;Hegesztő-2;6:00;22:00;MEGR012
2020.10.09.;Hajlító-2;6:00;22:00;MEGR012
2020.10.10.;Hajlító-2;6:00;22:00;MEGR012
2020.10.10.;Tesztelő-1;6:00;22:00;MEGR012
2020.10.10.;Hegesztő-1;6:00;22:00;MEGR012
2020.10.10.;Hegesztő-2;6:00;22:00;MEGR012
2020.10.10.;Festő-2;6:00;22:00;MEGR012
2020.10.10.;Festő-1;6:00;22:00;MEGR012
2020.10.10.;Csomagoló-2;6:00;22:00;MEGR012
2020.10.10.;Csomagoló-1;6:00;22:00;MEGR012
2020.10.10.;Hajlító-1;6:00;22:00;MEGR012
2020.10.10.;Vágó-1;6:00;22:00;MEGR012
2020.10.11.;Hajlító-1;6:00;22:00;MEGR012
2020.10.11.;Hajlító-2;6:00;22:00;MEGR012
2020.10.11.;Festő-1;6:00;22:00;MEGR012
2020.10.11.;Festő-2;6:00;22:00;MEGR012
2020.10.11.;Csomagoló-1;6:00;22:00;MEGR012
2020.10.11.;Tesztelő-1;6:00;22:00;MEGR012
2020.10.11.;Vágó-1;6:00;22:00;MEGR012
2020.10.11.;Hegesztő-2;6:00;22:00;MEGR012
2020.10.11.;Hegesztő-1;6:00;22:00;MEGR012
2020.10.12.;Festő-2;6:00;22:00;MEGR012
2020.10.12.;Hajlító-2;6:00;22:00;MEGR012
2020.10.12.;Hajlító-1;6:00;22:00;MEGR012
2020.10.12.;Festő-1;6:00;22:00;MEGR012
2020.10.12.;Csomagoló-2;6:00;22:00;MEGR012
2020.10.12.;Tesztelő-1;6:00;22:00;MEGR012
2020.10.12.;Hegesztő-2;6:00;22:00;MEGR012
2020.10.12.;Hegesztő-1;6:00;22:00;MEGR012
2020.10.12.;Vágó-1;6:00;22:00;MEGR012
2020.10.12.;Csomagoló-1;6:00;22:00;MEGR012
2020.10.13.;Tesztelő-1;6:00;22:00;MEGR012
2020.10.13.;Vágó-1;6:00;22:00;MEGR012
2020.10.13.;Csomagoló-2;6:00;22:00;MEGR012
2020.10.11.;Csomagoló-2;6:00;22:00;MEGR012
2020.10.13.;Hajlító-1;6:00;22:00;MEGR012
2020.10.13.;Hegesztő-1;6:00;22:00;MEGR012
2020.10.13.;Hegesztő-2;6:00;22:00;MEGR012
2020.10.13.;Hajlító-2;6:00;22:00;MEGR012
2020.10.13.;Festő-1;6:00;22:00;MEGR012
2020.10.13.;Festő-2;6:00;22:00;MEGR012
2020.10.14.;Csomagoló-1;6:00;22:00;MEGR012
2020.10.14.;Tesztelő-1;6:00;22:00;MEGR012
2020.10.14.;Hegesztő-1;6:00;22:00;MEGR012
2020.10.14.;Hegesztő-2;6:00;22:00;MEGR012
2020.10.14.;Festő-1;6:00;22:00;MEGR012
2020.10.02.;Csomagoló-1;6:00;22:00;MEGR012
2020.10.14.;Hajlító-2;6:00;22:00;MEGR012
2020.10.14.;Hajlító-1;6:00;22:00;MEGR012
2020.10.14.;Csomagoló-2;6:00;22:00;MEGR012
2020.10.14.;Festő-2;6:00;22:00;MEGR012
2020.10.14.;Vágó-1;6:00;22:00;MEGR012
2020.10.15.;Festő-1;6:00;22:00;MEGR012
2020.10.15.;Festő-2;6:00;22:00;MEGR012
2020.10.15.;Hegesztő-2;6:00;22:00;MEGR012
2020.10.15.;Vágó-1;6:00;22:00;MEGR012
2020.10.15.;Hajlító-1;6:00;22:00;MEGR012
2020.10.15.;Tesztelő-1;6:00;22:00;MEGR012
2020.10.15.;Csomagoló-1;6:00;22:00;MEGR012
2020.10.15.;Csomagoló-2;6:00;22:00;MEGR012
2020.10.15.;Hajlító-2;6:00;22:00;MEGR012
2020.10.16.;Festő-1;6:00;22:00;MEGR012
2020.10.16.;Festő-2;6:00;22:00;MEGR012
2020.10.16.;Csomagoló-1;6:00;22:00;MEGR012
2020.10.16.;Csomagoló-2;6:00;22:00;MEGR012
2020.10.19.;Tesztelő-1;6:00;22:00;MEGR012
2020.10.16.;Hajlító-2;6:00;22:00;MEGR012
2020.10.15.;Hegesztő-1;6:00;22:00;MEGR012
2020.10.16.;Tesztelő-1;6:00;22:00;MEGR012
2020.10.16.;Hegesztő-1;6:00;22:00;MEGR012
2020.10.16.;Vágó-1;6:00;22:00;MEGR012
2020.10.16.;Hajlító-1;6:00;22:00;MEGR012
2020.10.17.;Csomagoló-1;6:00;22:00;MEGR012
2020.10.17.;Hajlító-2;6:00;22:00;MEGR012
2020.10.17.;Hajlító-1;6:00;22:00;MEGR012
2020.10.16.;Hegesztő-2;6:00;22:00;MEGR012
2020.10.17.;Csomagoló-2;6:00;22:00;MEGR012
2020.10.17.;Hegesztő-2;6:00;22:00;MEGR012
2020.10.17.;Festő-1;6:00;22:00;MEGR012
2020.10.17.;Festő-2;6:00;22:00;MEGR012
2020.10.17.;Tesztelő-1;6:00;22:00;MEGR012
2020.10.17.;Vágó-1;6:00;22:00;MEGR012
2020.10.17.;Hegesztő-1;6:00;22:00;MEGR012
2020.10.18.;Hajlító-1;6:00;22:00;MEGR012
2020.10.18.;Csomagoló-1;6:00;22:00;MEGR012
2020.10.18.;Csomagoló-2;6:00;22:00;MEGR012
2020.10.18.;Festő-1;6:00;22:00;MEGR012
2020.10.18.;Festő-2;6:00;22:00;MEGR012
2020.10.18.;Vágó-1;6:00;22:00;MEGR012
2020.10.18.;Tesztelő-1;6:00;22:00;MEGR012
2020.10.18.;Hajlító-2;6:00;22:00;MEGR012
2020.10.18.;Hegesztő-2;6:00;22:00;MEGR012
2020.10.18.;Hegesztő-1;6:00;22:00;MEGR012
2020.10.19.;Hajlító-1;6:00;22:00;MEGR012
2020.10.19.;Vágó-1;6:00;22:00;MEGR012
2020.10.19.;Hajlító-2;6:00;22:00;MEGR012
2020.10.19.;Festő-1;6:00;22:00;MEGR012
2020.10.19.;Hegesztő-2;6:00;22:00;MEGR012
2020.10.19.;Hegesztő-1;6:00;22:00;MEGR012
2020.10.19.;Festő-2;6:00;22:00;MEGR012
2020.10.20.;Vágó-1;6:00;22:00;MEGR012
2020.10.20.;Tesztelő-1;6:00;22:00;MEGR012
2020.10.20.;Festő-2;6:00;22:00;MEGR012
2020.10.20.;Festő-1;6:00;22:00;MEGR012
2020.10.20.;Hajlító-1;6:00;22:00;MEGR012
2020.10.20.;Csomagoló-2;6:00;22:00;MEGR012
2020.10.22.;Hajlító-1;6:00;22:00;MEGR012
2020.10.20.;Hajlító-2;6:00;22:00;MEGR012
2020.10.20.;Hegesztő-2;6:00;22:00;MEGR012
2020.10.20.;Hegesztő-1;6:00;22:00;MEGR012
2020.10.20.;Csomagoló-1;6:00;22:00;MEGR012
2020.10.21.;Csomagoló-1;6:00;22:00;MEGR012
2020.10.21.;Hajlító-1;6:00;22:00;MEGR012
2020.10.21.;Hegesztő-2;6:00;22:00;MEGR012
2020.10.21.;Hegesztő-1;6:00;22:00;MEGR012
2020.10.21.;Festő-1;6:00;22:00;MEGR012
2020.10.21.;Festő-2;6:00;22:00;MEGR012
2020.10.21.;Csomagoló-2;6:00;22:00;MEGR012
2020.10.21.;Tesztelő-1;6:00;22:00;MEGR012
2020.10.21.;Vágó-1;6:00;22:00;MEGR012
2020.10.21.;Hajlító-2;6:00;22:00;MEGR012
2020.10.22.;Tesztelő-1;6:00;22:00;MEGR012
2020.10.22.;Festő-1;6:00;22:00;MEGR012
2020.10.19.;Csomagoló-1;6:00;22:00;MEGR012
2020.10.22.;Vágó-1;6:00;22:00;MEGR012
2020.10.22.;Festő-2;6:00;22:00;MEGR012
2020.10.22.;Hajlító-2;6:00;22:00;MEGR012
2020.10.22.;Csomagoló-1;6:00;22:00;MEGR012
2020.10.22.;Hegesztő-2;6:00;22:00;MEGR012
2020.10.22.;Hegesztő-1;6:00;22:00;MEGR012
2020.10.22.;Csomagoló-2;6:00;22:00;MEGR012
2020.10.23.;Hegesztő-2;6:00;22:00;MEGR012
2020.10.23.;Vágó-1;6:00;22:00;MEGR012
2020.10.23.;Festő-2;6:00;22:00;MEGR012
2020.10.23.;Festő-1;6:00;22:00;MEGR012
2020.10.23.;Hajlító-1;6:00;22:00;MEGR012
2020.10.23.;Hajlító-2;6:00;22:00;MEGR012
2020.10.23.;Tesztelő-1;6:00;22:00;MEGR012
2020.10.23.;Csomagoló-1;6:00;22:00;MEGR012
2020.10.23.;Csomagoló-2;6:00;22:00;MEGR012
2020.10.23.;Hegesztő-1;6:00;22:00;MEGR012
2020.10.24.;Vágó-1;6:00;22:00;MEGR012
2020.10.24.;Hajlító-1;6:00;22:00;MEGR012
2020.10.24.;Hajlító-2;6:00;22:00;MEGR012
2020.10.24.;Hegesztő-1;6:00;22:00;MEGR012
2020.10.25.;Festő-1;6:00;22:00;MEGR012
2020.10.24.;Hegesztő-2;6:00;22:00;MEGR012
2020.10.13.;Csomagoló-1;6:00;22:00;MEGR012
2020.10.24.;Csomagoló-2;6:00;22:00;MEGR012
2020.10.24.;Csomagoló-1;6:00;22:00;MEGR012
2020.10.24.;Tesztelő-1;6:00;22:00;MEGR012
2020.10.24.;Festő-1;6:00;22:00;MEGR012
2020.10.24.;Festő-2;6:00;22:00;MEGR012
2020.10.25.;Hegesztő-1;6:00;22:00;MEGR012
2020.10.25.;Hegesztő-2;6:00;22:00;MEGR012
2020.10.25.;Csomagoló-1;6:00;22:00;MEGR012
2020.10.25.;Csomagoló-2;6:00;22:00;MEGR012
2020.10.25.;Hajlító-2;6:00;22:00;MEGR012
2020.10.25.;Hajlító-1;6:00;22:00;MEGR012
2020.10.25.;Tesztelő-1;6:00;22:00;MEGR012
2020.10.25.;Vágó-1;6:00;22:00;MEGR012
2020.10.25.;Festő-2;6:00;22:00;MEGR012
2020.10.26.;Hegesztő-2;6:00;22:00;MEGR012
2020.10.19.;Csomagoló-2;6:00;22:00;MEGR012
2020.10.26.;Festő-1;6:00;22:00;MEGR012
2020.10.26.;Tesztelő-1;6:00;22:00;MEGR012
2020.10.26.;Hegesztő-1;6:00;22:00;MEGR012
2020.10.26.;Csomagoló-1;6:00;22:00;MEGR012
2020.10.26.;Csomagoló-2;6:00;22:00;MEGR012
2020.10.26.;Hajlító-2;6:00;22:00;MEGR012
2020.10.26.;Hajlító-1;6:00;22:00;MEGR012
2020.10.26.;Vágó-1;6:00;22:00;MEGR012
2020.10.26.;Festő-2;6:00;22:00;MEGR012
2020.10.27.;Csomagoló-1;6:00;22:00;MEGR012
2020.10.27.;Csomagoló-2;6:00;22:00;MEGR012
2020.10.27.;Hajlító-1;6:00;22:00;MEGR012
2020.10.27.;Hajlító-2;6:00;22:00;MEGR012
2020.10.27.;Hegesztő-1;6:00;22:00;MEGR012
2020.10.27.;Hegesztő-2;6:00;22:00;MEGR012
2020.10.28.;Festő-1;6:00;7:07;MEGR012
2020.10.27.;Vágó-1;6:00;22:00;MEGR012
2020.10.27.;Tesztelő-1;6:00;22:00;MEGR012
2020.10.27.;Festő-1;6:00;22:00;MEGR012
2020.10.27.;Festő-2;6:00;22:00;MEGR012
2020.10.28.;Hegesztő-2;6:00;7:07;MEGR012
2020.10.28.;Festő-2;6:00;7:07;MEGR012
2020.10.28.;Csomagoló-2;6:00;7:07;MEGR012
2020.10.28.;Csomagoló-1;6:00;7:07;MEGR012
2020.10.28.;Vágó-1;6:00;7:07;MEGR012
2020.10.28.;Hajlító-1;6:00;7:07;MEGR012
2020.10.28.;Hajlító-2;6:00;7:07;MEGR012
2020.10.28.;Tesztelő-1;6:00;7:07;MEGR012
2020.10.28.;Hegesztő-1;6:00;7:07;MEGR012
2020.10.29.;Hajlító-1;7:07;22:00;MEGR011
2020.10.29.;Hegesztő-2;7:07;22:00;MEGR011
2020.10.29.;Hegesztő-1;7:07;22:00;MEGR011
2020.10.29.;Festő-1;7:07;22:00;MEGR011
2020.10.29.;Hajlító-2;7:07;22:00;MEGR011
2020.10.29.;Vágó-1;7:07;22:00;MEGR011
2020.10.29.;Tesztelő-1;7:07;22:00;MEGR011
2020.10.29.;Festő-2;7:07;22:00;MEGR011
2020.10.29.;Csomagoló-1;7:07;22:00;MEGR011
2020.10.29.;Csomagoló-2;7:07;22:00;MEGR011
2020.10.30.;Tesztelő-1;6:00;22:00;MEGR011
2020.10.30.;Csomagoló-2;6:00;22:00;MEGR011
2020.10.30.;Festő-1;6:00;22:00;MEGR011
2020.10.30.;Hajlító-1;6:00;22:00;MEGR011
2020.10.30.;Hegesztő-2;6:00;22:00;MEGR011
2020.10.30.;Hegesztő-1;6:00;22:00;MEGR011
2020.10.30.;Hajlító-2;6:00;22:00;MEGR011
2020.10.30.;Vágó-1;6:00;22:00;MEGR011
2020.10.30.;Festő-2;6:00;22:00;MEGR011
2020.10.30.;Csomagoló-1;6:00;22:00;MEGR011
2020.10.31.;Hegesztő-1;6:00;22:00;MEGR011
2020.10.31.;Hegesztő-2;6:00;22:00;MEGR011
2020.10.31.;Csomagoló-2;6:00;22:00;MEGR011
2020.10.31.;Csomagoló-1;6:00;22:00;MEGR011
2020.10.31.;Hajlító-1;6:00;22:00;MEGR011
2020.10.31.;Hajlító-2;6:00;22:00;MEGR011
2020.10.31.;Tesztelő-1;6:00;22:00;MEGR011
2020.11.01.;Tesztelő-1;6:00;22:00;MEGR011
2020.10.31.;Vágó-1;6:00;22:00;MEGR011
2020.10.31.;Festő-2;6:00;22:00;MEGR011
2020.10.31.;Festő-1;6:00;22:00;MEGR011
2020.11.01.;Hajlító-2;6:00;22:00;MEGR011
2020.11.01.;Hajlító-1;6:00;22:00;MEGR011
2020.11.01.;Vágó-1;6:00;22:00;MEGR011
2020.11.01.;Festő-2;6:00;22:00;MEGR011
2020.11.01.;Csomagoló-2;6:00;22:00;MEGR011
2020.11.01.;Csomagoló-1;6:00;22:00;MEGR011
2020.11.01.;Hegesztő-1;6:00;22:00;MEGR011
2020.11.02.;Csomagoló-1;6:00;22:00;MEGR011
2020.11.01.;Festő-1;6:00;22:00;MEGR011
2020.11.01.;Hegesztő-2;6:00;22:00;MEGR011
2020.11.02.;Hajlító-1;6:00;22:00;MEGR011
2020.11.02.;Hegesztő-1;6:00;22:00;MEGR011
2020.11.02.;Hegesztő-2;6:00;22:00;MEGR011
2020.11.02.;Csomagoló-2;6:00;22:00;MEGR011
2020.11.02.;Festő-1;6:00;22:00;MEGR011
2020.11.02.;Festő-2;6:00;22:00;MEGR011
2020.11.02.;Vágó-1;6:00;22:00;MEGR011
2020.11.02.;Tesztelő-1;6:00;22:00;MEGR011
2020.11.03.;Tesztelő-1;6:00;22:00;MEGR011
2020.11.03.;Csomagoló-1;6:00;22:00;MEGR011
2020.11.03.;Festő-2;6:00;22:00;MEGR011
2020.11.03.;Festő-1;6:00;22:00;MEGR011
2020.11.02.;Hajlító-2;6:00;22:00;MEGR011
2020.11.03.;Hajlító-2;6:00;22:00;MEGR011
2020.11.03.;Hegesztő-1;6:00;22:00;MEGR011
2020.11.03.;Csomagoló-2;6:00;22:00;MEGR011
2020.11.03.;Hegesztő-2;6:00;22:00;MEGR011
2020.11.23.;Csomagoló-1;6:00;22:00;MEGR011
2020.11.03.;Hajlító-1;6:00;22:00;MEGR011
2020.11.03.;Vágó-1;6:00;22:00;MEGR011
2020.11.04.;Csomagoló-1;6:00;22:00;MEGR011
2020.11.04.;Csomagoló-2;6:00;22:00;MEGR011
2020.11.04.;Hajlító-1;6:00;22:00;MEGR011
2020.11.04.;Hegesztő-2;6:00;22:00;MEGR011
2020.11.04.;Hegesztő-1;6:00;22:00;MEGR011
2020.11.04.;Hajlító-2;6:00;22:00;MEGR011
2020.11.04.;Tesztelő-1;6:00;22:00;MEGR011
2020.11.04.;Festő-1;6:00;22:00;MEGR011
2020.11.04.;Festő-2;6:00;22:00;MEGR011
2020.11.05.;Hajlító-1;6:00;22:00;MEGR011
2020.11.04.;Vágó-1;6:00;22:00;MEGR011
2020.11.05.;Festő-2;6:00;22:00;MEGR011
2020.11.05.;Hajlító-2;6:00;22:00;MEGR011
2020.11.05.;Festő-1;6:00;22:00;MEGR011
2020.11.05.;Csomagoló-1;6:00;22:00;MEGR011
2020.11.05.;Csomagoló-2;6:00;22:00;MEGR011
2020.11.05.;Hegesztő-1;6:00;22:00;MEGR011
2020.11.05.;Hegesztő-2;6:00;22:00;MEGR011
2020.11.05.;Vágó-1;6:00;22:00;MEGR011
2020.11.06.;Hegesztő-2;6:00;22:00;MEGR011
2020.11.10.;Hajlító-2;6:00;22:00;MEGR011
2020.11.06.;Vágó-1;6:00;22:00;MEGR011
2020.11.06.;Festő-1;6:00;22:00;MEGR011
2020.11.06.;Csomagoló-2;6:00;22:00;MEGR011
2020.11.06.;Csomagoló-1;6:00;22:00;MEGR011
2020.11.06.;Hajlító-1;6:00;22:00;MEGR011
2020.11.06.;Tesztelő-1;6:00;22:00;MEGR011
2020.11.06.;Hajlító-2;6:00;22:00;MEGR011
2020.11.06.;Festő-2;6:00;22:00;MEGR011
2020.11.06.;Hegesztő-1;6:00;22:00;MEGR011
2020.11.07.;Tesztelő-1;6:00;22:00;MEGR011
2020.11.07.;Festő-1;6:00;22:00;MEGR011
2020.11.07.;Csomagoló-1;6:00;22:00;MEGR011
2020.11.07.;Csomagoló-2;6:00;22:00;MEGR011
2020.11.07.;Hajlító-2;6:00;22:00;MEGR011
2020.11.07.;Hajlító-1;6:00;22:00;MEGR011
2020.11.07.;Vágó-1;6:00;22:00;MEGR011
2020.11.07.;Hegesztő-1;6:00;22:00;MEGR011
2020.11.07.;Hegesztő-2;6:00;22:00;MEGR011
2020.11.07.;Festő-2;6:00;22:00;MEGR011
2020.11.08.;Hajlító-2;6:00;22:00;MEGR011
2020.11.08.;Hajlító-1;6:00;22:00;MEGR011
2020.11.08.;Festő-2;6:00;22:00;MEGR011
2020.11.08.;Csomagoló-1;6:00;22:00;MEGR011
2020.11.20.;Hajlító-1;6:00;22:00;MEGR011
2020.11.08.;Hegesztő-1;6:00;22:00;MEGR011
2020.11.08.;Csomagoló-2;6:00;22:00;MEGR011
2020.11.08.;Vágó-1;6:00;22:00;MEGR011
2020.11.08.;Tesztelő-1;6:00;22:00;MEGR011
2020.11.08.;Hegesztő-2;6:00;22:00;MEGR011
2020.11.08.;Festő-1;6:00;22:00;MEGR011
2020.11.09.;Hegesztő-1;6:00;22:00;MEGR011
2020.11.09.;Hegesztő-2;6:00;22:00;MEGR011
2020.11.09.;Festő-2;6:00;22:00;MEGR011
2020.11.09.;Festő-1;6:00;22:00;MEGR011
2020.11.09.;Vágó-1;6:00;22:00;MEGR011
2020.11.09.;Csomagoló-1;6:00;22:00;MEGR011
2020.11.09.;Csomagoló-2;6:00;22:00;MEGR011
2020.11.09.;Tesztelő-1;6:00;22:00;MEGR011
2020.11.09.;Hajlító-1;6:00;22:00;MEGR011
2020.11.09.;Hajlító-2;6:00;22:00;MEGR011
2020.11.10.;Hajlító-1;6:00;22:00;MEGR011
2020.11.10.;Hegesztő-1;6:00;22:00;MEGR011
2020.11.10.;Vágó-1;6:00;22:00;MEGR011
2020.11.10.;Tesztelő-1;6:00;22:00;MEGR011
2020.11.10.;Csomagoló-1;6:00;22:00;MEGR011
2020.11.10.;Csomagoló-2;6:00;22:00;MEGR011
2020.11.10.;Hegesztő-2;6:00;22:00;MEGR011
2020.11.10.;Festő-2;6:00;22:00;MEGR011
2020.11.10.;Festő-1;6:00;22:00;MEGR011
2020.11.11.;Hegesztő-1;6:00;22:00;MEGR011
2020.11.11.;Hajlító-1;6:00;22:00;MEGR011
2020.11.11.;Festő-2;6:00;22:00;MEGR011
2020.11.11.;Festő-1;6:00;22:00;MEGR011
2020.11.11.;Hegesztő-2;6:00;22:00;MEGR011
2020.11.11.;Tesztelő-1;6:00;22:00;MEGR011
2020.11.11.;Hajlító-2;6:00;22:00;MEGR011
2020.11.13.;Csomagoló-2;6:00;22:00;MEGR011
2020.11.11.;Vágó-1;6:00;22:00;MEGR011
2020.11.11.;Csomagoló-2;6:00;22:00;MEGR011
2020.11.12.;Hajlító-1;6:00;22:00;MEGR011
2020.11.12.;Hajlító-2;6:00;22:00;MEGR011
2020.11.12.;Csomagoló-1;6:00;22:00;MEGR011
2020.11.12.;Csomagoló-2;6:00;22:00;MEGR011
2020.11.12.;Tesztelő-1;6:00;22:00;MEGR011
2020.11.12.;Vágó-1;6:00;22:00;MEGR011
2020.11.12.;Hegesztő-2;6:00;22:00;MEGR011
2020.11.12.;Festő-1;6:00;22:00;MEGR011
2020.11.12.;Festő-2;6:00;22:00;MEGR011
2020.11.13.;Tesztelő-1;6:00;22:00;MEGR011
2020.11.13.;Hegesztő-1;6:00;22:00;MEGR011
2020.11.13.;Festő-2;6:00;22:00;MEGR011
2020.11.11.;Csomagoló-1;6:00;22:00;MEGR011
2020.11.13.;Festő-1;6:00;22:00;MEGR011
2020.11.13.;Vágó-1;6:00;22:00;MEGR011
2020.11.13.;Csomagoló-1;6:00;22:00;MEGR011
2020.11.13.;Hajlító-2;6:00;22:00;MEGR011
2020.11.13.;Hajlító-1;6:00;22:00;MEGR011
2020.11.13.;Hegesztő-2;6:00;22:00;MEGR011
2020.11.14.;Festő-1;6:00;22:00;MEGR011
2020.11.12.;Hegesztő-1;6:00;22:00;MEGR011
2020.11.14.;Hajlító-2;6:00;22:00;MEGR011
2020.11.14.;Festő-2;6:00;22:00;MEGR011
2020.11.14.;Hegesztő-2;6:00;22:00;MEGR011
2020.11.14.;Vágó-1;6:00;22:00;MEGR011
2020.11.14.;Hegesztő-1;6:00;22:00;MEGR011
2020.11.14.;Tesztelő-1;6:00;22:00;MEGR011
2020.11.14.;Hajlító-1;6:00;22:00;MEGR011
2020.11.14.;Csomagoló-2;6:00;22:00;MEGR011
2020.11.15.;Festő-1;6:00;22:00;MEGR011
2020.11.14.;Csomagoló-1;6:00;22:00;MEGR011
2020.11.15.;Hajlító-1;6:00;22:00;MEGR011
2020.11.15.;Festő-2;6:00;22:00;MEGR011
2020.11.15.;Tesztelő-1;6:00;22:00;MEGR011
2020.11.15.;Hajlító-2;6:00;22:00;MEGR011
2020.11.15.;Hegesztő-1;6:00;22:00;MEGR011
2020.11.15.;Hegesztő-2;6:00;22:00;MEGR011
2020.11.15.;Vágó-1;6:00;22:00;MEGR011
2020.11.15.;Csomagoló-1;6:00;22:00;MEGR011
2020.11.15.;Csomagoló-2;6:00;22:00;MEGR011
2020.11.16.;Hegesztő-1;6:00;22:00;MEGR011
2020.11.16.;Festő-1;6:00;22:00;MEGR011
2020.11.16.;Festő-2;6:00;22:00;MEGR011
2020.11.16.;Vágó-1;6:00;22:00;MEGR011
2020.11.16.;Hajlító-1;6:00;22:00;MEGR011
2020.11.16.;Hajlító-2;6:00;22:00;MEGR011
2020.11.17.;Csomagoló-2;6:00;22:00;MEGR011
2020.11.16.;Hegesztő-2;6:00;22:00;MEGR011
2020.11.16.;Csomagoló-1;6:00;22:00;MEGR011
2020.11.16.;Tesztelő-1;6:00;22:00;MEGR011
2020.11.16.;Csomagoló-2;6:00;22:00;MEGR011
2020.11.17.;Hajlító-1;6:00;22:00;MEGR011
2020.11.17.;Vágó-1;6:00;22:00;MEGR011
2020.11.17.;Festő-2;6:00;22:00;MEGR011
2020.11.17.;Csomagoló-1;6:00;22:00;MEGR011
2020.11.17.;Hajlító-2;6:00;22:00;MEGR011
2020.11.17.;Hegesztő-2;6:00;22:00;MEGR011
2020.11.17.;Hegesztő-1;6:00;22:00;MEGR011
2020.11.17.;Festő-1;6:00;22:00;MEGR011
2020.11.18.;Csomagoló-2;6:00;22:00;MEGR011
2020.11.18.;Hajlító-2;6:00;22:00;MEGR011
2020.11.18.;Csomagoló-1;6:00;22:00;MEGR011
2020.11.18.;Hajlító-1;6:00;22:00;MEGR011
2020.11.18.;Festő-2;6:00;22:00;MEGR011
2020.11.18.;Hegesztő-1;6:00;22:00;MEGR011
2020.11.18.;Hegesztő-2;6:00;22:00;MEGR011
2020.11.18.;Vágó-1;6:00;22:00;MEGR011
2020.11.19.;Festő-2;6:00;22:00;MEGR011
2020.11.18.;Tesztelő-1;6:00;22:00;MEGR011
2020.11.17.;Tesztelő-1;6:00;22:00;MEGR011
2020.11.19.;Hajlító-2;6:00;22:00;MEGR011
2020.11.19.;Vágó-1;6:00;22:00;MEGR011
2020.11.19.;Hajlító-1;6:00;22:00;MEGR011
2020.11.19.;Hegesztő-2;6:00;22:00;MEGR011
2020.11.19.;Hegesztő-1;6:00;22:00;MEGR011
2020.11.19.;Csomagoló-1;6:00;22:00;MEGR011
2020.11.19.;Festő-1;6:00;22:00;MEGR011
2020.11.19.;Tesztelő-1;6:00;22:00;MEGR011
2020.11.19.;Csomagoló-2;6:00;22:00;MEGR011
2020.11.20.;Hajlító-2;6:00;22:00;MEGR011
2020.11.20.;Vágó-1;6:00;22:00;MEGR011
2020.11.20.;Hegesztő-1;6:00;22:00;MEGR011
2020.11.20.;Csomagoló-1;6:00;22:00;MEGR011
2020.11.20.;Csomagoló-2;6:00;22:00;MEGR011
2020.11.20.;Hegesztő-2;6:00;22:00;MEGR011
2020.11.20.;Festő-2;6:00;22:00;MEGR011
2020.11.20.;Tesztelő-1;6:00;22:00;MEGR011
2020.11.20.;Festő-1;6:00;22:00;MEGR011
2020.11.21.;Tesztelő-1;6:00;22:00;MEGR011
2020.11.21.;Csomagoló-1;6:00;22:00;MEGR011
2020.11.21.;Csomagoló-2;6:00;22:00;MEGR011
2020.11.21.;Hegesztő-1;6:00;22:00;MEGR011
2020.11.21.;Hegesztő-2;6:00;22:00;MEGR011
2020.11.21.;Hajlító-1;6:00;22:00;MEGR011
2020.11.05.;Tesztelő-1;6:00;22:00;MEGR011
2020.11.21.;Festő-1;6:00;22:00;MEGR011
2020.11.21.;Festő-2;6:00;22:00;MEGR011
2020.11.21.;Vágó-1;6:00;22:00;MEGR011
2020.11.21.;Hajlító-2;6:00;22:00;MEGR011
2020.11.22.;Festő-1;6:00;22:00;MEGR011
2020.11.22.;Festő-2;6:00;22:00;MEGR011
2020.11.22.;Tesztelő-1;6:00;22:00;MEGR011
2020.11.22.;Hegesztő-2;6:00;22:00;MEGR011
2020.11.22.;Hegesztő-1;6:00;22:00;MEGR011
2020.11.22.;Csomagoló-2;6:00;22:00;MEGR011
2020.11.22.;Vágó-1;6:00;22:00;MEGR011
2020.11.26.;Festő-2;6:00;22:00;MEGR011
2020.11.22.;Csomagoló-1;6:00;22:00;MEGR011
2020.11.22.;Hajlító-1;6:00;22:00;MEGR011
2020.11.22.;Hajlító-2;6:00;22:00;MEGR011
2020.11.23.;Hajlító-1;6:00;22:00;MEGR011
2020.11.23.;Vágó-1;6:00;22:00;MEGR011
2020.11.23.;Hegesztő-2;6:00;22:00;MEGR011
2020.11.23.;Hegesztő-1;6:00;22:00;MEGR011
2020.11.23.;Festő-1;6:00;22:00;MEGR011
2020.11.23.;Festő-2;6:00;22:00;MEGR011
2020.11.23.;Tesztelő-1;6:00;22:00;MEGR011
2020.11.23.;Hajlító-2;6:00;22:00;MEGR011
2020.11.23.;Csomagoló-2;6:00;22:00;MEGR011
2020.11.24.;Hajlító-1;6:00;22:00;MEGR011
2020.11.24.;Hegesztő-2;6:00;22:00;MEGR011
2020.11.24.;Hegesztő-1;6:00;22:00;MEGR011
2020.11.24.;Festő-1;6:00;22:00;MEGR011
2020.11.24.;Festő-2;6:00;22:00;MEGR011
2020.11.24.;Csomagoló-2;6:00;22:00;MEGR011
2020.11.24.;Hajlító-2;6:00;22:00;MEGR011
2020.11.24.;Vágó-1;6:00;22:00;MEGR011
2020.11.24.;Tesztelő-1;6:00;22:00;MEGR011
2020.11.24.;Csomagoló-1;6:00;22:00;MEGR011
2020.11.25.;Hegesztő-1;6:00;22:00;MEGR011
2020.11.25.;Hajlító-1;6:00;22:00;MEGR011
2020.11.25.;Vágó-1;6:00;22:00;MEGR011
2020.11.25.;Hajlító-2;6:00;22:00;MEGR011
2020.11.25.;Csomagoló-2;6:00;22:00;MEGR011
2020.11.25.;Tesztelő-1;6:00;22:00;MEGR011
2020.11.25.;Festő-1;6:00;22:00;MEGR011
2020.11.25.;Festő-2;6:00;22:00;MEGR011
2020.11.25.;Csomagoló-1;6:00;22:00;MEGR011
2020.11.25.;Hegesztő-2;6:00;22:00;MEGR011
2020.11.26.;Csomagoló-1;6:00;22:00;MEGR011
2020.11.26.;Csomagoló-2;6:00;22:00;MEGR011
2020.11.26.;Hajlító-1;6:00;22:00;MEGR011
2020.11.26.;Hajlító-2;6:00;22:00;MEGR011
2020.11.26.;Hegesztő-1;6:00;22:00;MEGR011
2020.11.26.;Hegesztő-2;6:00;22:00;MEGR011
2020.11.26.;Vágó-1;6:00;22:00;MEGR011
2020.11.26.;Festő-1;6:00;22:00;MEGR011
2020.11.26.;Tesztelő-1;6:00;22:00;MEGR011
2020.11.27.;Festő-1;6:00;22:00;MEGR011
2020.11.27.;Vágó-1;6:00;22:00;MEGR011
2020.11.27.;Festő-2;6:00;22:00;MEGR011
2020.11.27.;Csomagoló-2;6:00;22:00;MEGR011
2020.11.27.;Csomagoló-1;6:00;22:00;MEGR011
2020.11.27.;Hegesztő-2;6:00;22:00;MEGR011
2020.11.27.;Tesztelő-1;6:00;22:00;MEGR011
2020.11.27.;Hajlító-2;6:00;22:00;MEGR011
2020.11.27.;Hegesztő-1;6:00;22:00;MEGR011
2020.11.28.;Hegesztő-2;6:00;22:00;MEGR011
2020.11.28.;Hegesztő-1;6:00;22:00;MEGR011
2020.11.28.;Tesztelő-1;6:00;22:00;MEGR011
2020.11.28.;Hajlító-1;6:00;22:00;MEGR011
2020.11.28.;Festő-2;6:00;22:00;MEGR011
2020.11.28.;Festő-1;6:00;22:00;MEGR011
2020.11.28.;Csomagoló-1;6:00;22:00;MEGR011
2020.11.28.;Csomagoló-2;6:00;22:00;MEGR011
2020.11.28.;Vágó-1;6:00;22:00;MEGR011
2020.11.28.;Hajlító-2;6:00;22:00;MEGR011
2020.11.29.;Festő-2;6:00;22:00;MEGR011
2020.11.29.;Festő-1;6:00;22:00;MEGR011
2020.11.27.;Hajlító-1;6:00;22:00;MEGR011
2020.11.29.;Hajlító-2;6:00;22:00;MEGR011
2020.11.18.;Festő-1;6:00;22:00;MEGR011
2020.11.29.;Vágó-1;6:00;22:00;MEGR011
2020.11.29.;Tesztelő-1;6:00;22:00;MEGR011
2020.11.29.;Csomagoló-2;6:00;22:00;MEGR011
2020.11.29.;Csomagoló-1;6:00;22:00;MEGR011
2020.11.29.;Hegesztő-2;6:00;22:00;MEGR011
2020.11.29.;Hegesztő-1;6:00;22:00;MEGR011
2020.11.29.;Hajlító-1;6:00;22:00;MEGR011
2020.11.30.;Festő-2;6:00;22:00;MEGR011
2020.11.30.;Csomagoló-1;6:00;22:00;MEGR011
2020.11.30.;Csomagoló-2;6:00;22:00;MEGR011
2020.11.30.;Festő-1;6:00;22:00;MEGR011
2020.11.30.;Vágó-1;6:00;22:00;MEGR011
2020.11.30.;Tesztelő-1;6:00;22:00;MEGR011
2020.11.30.;Hajlító-2;6:00;22:00;MEGR011
2020.12.13.;Tesztelő-1;6:00;22:00;MEGR011
2020.11.30.;Hajlító-1;6:00;22:00;MEGR011
2020.12.01.;Festő-2;6:00;22:00;MEGR011
2020.12.01.;Festő-1;6:00;22:00;MEGR011
2020.12.01.;Vágó-1;6:00;22:00;MEGR011
2020.12.01.;Hegesztő-2;6:00;22:00;MEGR011
2020.12.01.;Csomagoló-1;6:00;22:00;MEGR011
2020.12.01.;Csomagoló-2;6:00;22:00;MEGR011
2020.12.03.;Hajlító-1;6:00;22:00;MEGR011
2020.12.01.;Hegesztő-1;6:00;22:00;MEGR011
2020.12.01.;Hajlító-1;6:00;22:00;MEGR011
2020.12.01.;Hajlító-2;6:00;22:00;MEGR011
2020.12.01.;Tesztelő-1;6:00;22:00;MEGR011
2020.12.02.;Hegesztő-1;6:00;22:00;MEGR011
2020.12.02.;Festő-2;6:00;22:00;MEGR011
2020.12.02.;Csomagoló-2;6:00;22:00;MEGR011
2020.12.02.;Csomagoló-1;6:00;22:00;MEGR011
2020.12.02.;Tesztelő-1;6:00;22:00;MEGR011
2020.12.02.;Hegesztő-2;6:00;22:00;MEGR011
2020.12.02.;Vágó-1;6:00;22:00;MEGR011
2020.12.02.;Hajlító-1;6:00;22:00;MEGR011
2020.12.02.;Hajlító-2;6:00;22:00;MEGR011
2020.12.02.;Festő-1;6:00;22:00;MEGR011
2020.12.03.;Vágó-1;6:00;22:00;MEGR011
2020.12.03.;Hajlító-2;6:00;22:00;MEGR011
2020.12.03.;Hegesztő-2;6:00;22:00;MEGR011
2020.12.03.;Festő-1;6:00;22:00;MEGR011
2020.12.03.;Hegesztő-1;6:00;22:00;MEGR011
2020.12.03.;Csomagoló-1;6:00;22:00;MEGR011
2020.12.03.;Csomagoló-2;6:00;22:00;MEGR011
2020.12.03.;Festő-2;6:00;22:00;MEGR011
2020.12.03.;Tesztelő-1;6:00;22:00;MEGR011
2020.12.04.;Festő-1;6:00;22:00;MEGR011
2020.12.04.;Hajlító-2;6:00;22:00;MEGR011
2020.12.04.;Hajlító-1;6:00;22:00;MEGR011
2020.12.04.;Csomagoló-2;6:00;22:00;MEGR011
2020.12.04.;Csomagoló-1;6:00;22:00;MEGR011
2020.12.04.;Tesztelő-1;6:00;22:00;MEGR011
2020.12.04.;Hegesztő-1;6:00;22:00;MEGR011
2020.12.04.;Vágó-1;6:00;22:00;MEGR011
2020.12.04.;Festő-2;6:00;22:00;MEGR011
2020.12.04.;Hegesztő-2;6:00;22:00;MEGR011
2020.12.05.;Hegesztő-2;6:00;22:00;MEGR011
2020.12.05.;Hegesztő-1;6:00;22:00;MEGR011
2020.12.05.;Hajlító-2;6:00;22:00;MEGR011
2020.12.05.;Hajlító-1;6:00;22:00;MEGR011
2020.12.05.;Festő-1;6:00;22:00;MEGR011
2020.11.30.;Hegesztő-1;6:00;22:00;MEGR011
2020.12.05.;Csomagoló-1;6:00;22:00;MEGR011
2020.12.05.;Festő-2;6:00;22:00;MEGR011
2020.12.05.;Tesztelő-1;6:00;22:00;MEGR011
2020.12.05.;Vágó-1;6:00;22:00;MEGR011
2020.12.05.;Csomagoló-2;6:00;22:00;MEGR011
2020.12.06.;Hegesztő-2;6:00;22:00;MEGR011
2020.12.06.;Hegesztő-1;6:00;22:00;MEGR011
2020.12.06.;Festő-2;6:00;22:00;MEGR011
2020.11.30.;Hegesztő-2;6:00;22:00;MEGR011
2020.12.06.;Hajlító-2;6:00;22:00;MEGR011
2020.12.06.;Hajlító-1;6:00;22:00;MEGR011
2020.12.06.;Vágó-1;6:00;22:00;MEGR011
2020.12.06.;Festő-1;6:00;22:00;MEGR011
2020.12.06.;Tesztelő-1;6:00;22:00;MEGR011
2020.12.06.;Csomagoló-1;6:00;22:00;MEGR011
2020.12.06.;Csomagoló-2;6:00;22:00;MEGR011
2020.12.07.;Hajlító-1;6:00;22:00;MEGR011
2020.12.07.;Vágó-1;6:00;22:00;MEGR011
2020.12.07.;Csomagoló-2;6:00;22:00;MEGR011
2020.12.07.;Hajlító-2;6:00;22:00;MEGR011
2020.12.07.;Csomagoló-1;6:00;22:00;MEGR011
2020.12.07.;Hegesztő-1;6:00;22:00;MEGR011
2020.12.07.;Festő-1;6:00;22:00;MEGR011
2020.12.07.;Festő-2;6:00;22:00;MEGR011
2020.12.07.;Hegesztő-2;6:00;22:00;MEGR011
2020.12.08.;Tesztelő-1;6:00;22:00;MEGR011
2020.12.08.;Festő-1;6:00;22:00;MEGR011
2020.12.08.;Festő-2;6:00;22:00;MEGR011
2020.12.08.;Vágó-1;6:00;22:00;MEGR011
2020.12.08.;Csomagoló-2;6:00;22:00;MEGR011
2020.12.08.;Hegesztő-2;6:00;22:00;MEGR011
2020.12.08.;Hegesztő-1;6:00;22:00;MEGR011
2020.12.08.;Hajlító-1;6:00;22:00;MEGR011
2020.12.14.;Hajlító-2;6:00;6:02;MEGR011
2020.12.08.;Csomagoló-1;6:00;22:00;MEGR011
2020.12.08.;Hajlító-2;6:00;22:00;MEGR011
2020.12.09.;Hajlító-1;6:00;22:00;MEGR011
2020.12.09.;Hajlító-2;6:00;22:00;MEGR011
2020.12.09.;Vágó-1;6:00;22:00;MEGR011
2020.12.09.;Hegesztő-1;6:00;22:00;MEGR011
2020.12.09.;Hegesztő-2;6:00;22:00;MEGR011
2020.12.09.;Csomagoló-2;6:00;22:00;MEGR011
2020.12.09.;Csomagoló-1;6:00;22:00;MEGR011
2020.12.09.;Tesztelő-1;6:00;22:00;MEGR011
2020.12.09.;Festő-2;6:00;22:00;MEGR011
2020.12.10.;Vágó-1;6:00;22:00;MEGR011
2020.12.10.;Tesztelő-1;6:00;22:00;MEGR011
2020.12.10.;Festő-1;6:00;22:00;MEGR011
2020.12.10.;Hegesztő-1;6:00;22:00;MEGR011
2020.12.09.;Festő-1;6:00;22:00;MEGR011
2020.12.10.;Csomagoló-2;6:00;22:00;MEGR011
2020.12.10.;Hegesztő-2;6:00;22:00;MEGR011
2020.12.10.;Hajlító-2;6:00;22:00;MEGR011
2020.12.10.;Csomagoló-1;6:00;22:00;MEGR011
2020.12.10.;Hajlító-1;6:00;22:00;MEGR011
2020.12.10.;Festő-2;6:00;22:00;MEGR011
2020.12.11.;Csomagoló-2;6:00;22:00;MEGR011
2020.12.11.;Hegesztő-1;6:00;22:00;MEGR011
2020.12.11.;Csomagoló-1;6:00;22:00;MEGR011
2020.12.11.;Tesztelő-1;6:00;22:00;MEGR011
2020.12.07.;Tesztelő-1;6:00;22:00;MEGR011
2020.12.11.;Hajlító-1;6:00;22:00;MEGR011
2020.12.11.;Vágó-1;6:00;22:00;MEGR011
2020.12.11.;Festő-1;6:00;22:00;MEGR011
2020.12.11.;Festő-2;6:00;22:00;MEGR011
2020.12.11.;Hegesztő-2;6:00;22:00;MEGR011
2020.12.11.;Hajlító-2;6:00;22:00;MEGR011
2020.12.12.;Tesztelő-1;6:00;22:00;MEGR011
2020.12.12.;Csomagoló-2;6:00;22:00;MEGR011
2020.12.12.;Csomagoló-1;6:00;22:00;MEGR011
2020.12.12.;Hajlító-1;6:00;22:00;MEGR011
2020.12.12.;Hegesztő-2;6:00;22:00;MEGR011
2020.12.12.;Hegesztő-1;6:00;22:00;MEGR011
2020.12.12.;Vágó-1;6:00;22:00;MEGR011
2020.12.12.;Hajlító-2;6:00;22:00;MEGR011
2020.12.12.;Festő-1;6:00;22:00;MEGR011
2020.12.12.;Festő-2;6:00;22:00;MEGR011
2020.12.13.;Hegesztő-1;6:00;22:00;MEGR011
2020.12.13.;Hajlító-2;6:00;22:00;MEGR011
2020.12.13.;Csomagoló-1;6:00;22:00;MEGR011
2020.12.13.;Festő-2;6:00;22:00;MEGR011
2020.12.13.;Festő-1;6:00;22:00;MEGR011
2020.12.13.;Csomagoló-2;6:00;22:00;MEGR011
2020.12.13.;Vágó-1;6:00;22:00;MEGR011
2020.12.13.;Hegesztő-2;6:00;22:00;MEGR011
2020.12.13.;Hajlító-1;6:00;22:00;MEGR011
2020.12.14.;Csomagoló-2;6:00;6:02;MEGR011
2020.12.14.;Tesztelő-1;6:00;6:02;MEGR011
2020.12.14.;Csomagoló-1;6:00;6:02;MEGR011
2020.12.14.;Festő-1;6:00;6:02;MEGR011
2020.12.14.;Festő-2;6:00;6:02;MEGR011
2020.12.14.;Vágó-1;6:00;6:02;MEGR011
2020.12.14.;Hegesztő-2;6:00;6:02;MEGR011
2020.12.14.;Hegesztő-1;6:00;6:02;MEGR011
2020.12.14.;Hajlító-1;6:00;6:02;MEGR011
2020.12.15.;Festő-2;6:02;22:00;MEGR005
2020.12.15.;Hajlító-1;6:02;22:00;MEGR005
2020.12.15.;Hajlító-2;6:02;22:00;MEGR005
2020.12.15.;Hegesztő-2;6:02;22:00;MEGR005
2020.12.15.;Festő-1;6:02;22:00;MEGR005
2020.12.15.;Csomagoló-2;6:02;22:00;MEGR005
2020.12.15.;Csomagoló-1;6:02;22:00;MEGR005
2020.12.15.;Vágó-1;6:02;22:00;MEGR005
2020.12.16.;Hajlító-2;6:00;22:00;MEGR005
2020.12.16.;Hajlító-1;6:00;22:00;MEGR005
2020.12.16.;Tesztelő-1;6:00;22:00;MEGR005
2020.12.16.;Hegesztő-2;6:00;22:00;MEGR005
2020.12.16.;Csomagoló-2;6:00;22:00;MEGR005
2020.12.16.;Vágó-1;6:00;22:00;MEGR005
2020.12.17.;Csomagoló-1;6:00;22:00;MEGR005
2020.12.16.;Hegesztő-1;6:00;22:00;MEGR005
2020.12.16.;Festő-2;6:00;22:00;MEGR005
2020.12.16.;Festő-1;6:00;22:00;MEGR005
2020.12.16.;Csomagoló-1;6:00;22:00;MEGR005
2020.12.17.;Vágó-1;6:00;22:00;MEGR005
2020.12.17.;Festő-1;6:00;22:00;MEGR005
2020.12.17.;Hegesztő-1;6:00;22:00;MEGR005
2020.12.17.;Hegesztő-2;6:00;22:00;MEGR005
2020.12.17.;Tesztelő-1;6:00;22:00;MEGR005
2020.12.17.;Csomagoló-2;6:00;22:00;MEGR005
2020.12.17.;Hajlító-1;6:00;22:00;MEGR005
2020.12.17.;Hajlító-2;6:00;22:00;MEGR005
2020.12.17.;Festő-2;6:00;22:00;MEGR005
2020.12.18.;Hegesztő-1;6:00;22:00;MEGR005
2020.12.18.;Csomagoló-2;6:00;22:00;MEGR005
2020.12.18.;Csomagoló-1;6:00;22:00;MEGR005
2020.12.18.;Hegesztő-2;6:00;22:00;MEGR005
2020.12.18.;Festő-1;6:00;22:00;MEGR005
2020.12.18.;Vágó-1;6:00;22:00;MEGR005
2020.12.18.;Tesztelő-1;6:00;22:00;MEGR005
2020.12.18.;Hajlító-2;6:00;22:00;MEGR005
2020.12.18.;Hajlító-1;6:00;22:00;MEGR005
2020.12.18.;Festő-2;6:00;22:00;MEGR005
2020.12.19.;Hajlító-2;6:00;22:00;MEGR005
2020.12.19.;Vágó-1;6:00;22:00;MEGR005
2020.12.19.;Tesztelő-1;6:00;22:00;MEGR005
2020.12.19.;Csomagoló-1;6:00;22:00;MEGR005
2020.12.19.;Csomagoló-2;6:00;22:00;MEGR005
2020.12.19.;Hajlító-1;6:00;22:00;MEGR005
2020.12.19.;Festő-1;6:00;22:00;MEGR005
2020.12.15.;Hegesztő-1;6:02;22:00;MEGR005
2020.12.19.;Hegesztő-1;6:00;22:00;MEGR005
2020.12.19.;Hegesztő-2;6:00;22:00;MEGR005
2020.12.19.;Festő-2;6:00;22:00;MEGR005
2020.12.20.;Csomagoló-2;6:00;22:00;MEGR005
2020.12.20.;Csomagoló-1;6:00;22:00;MEGR005
2020.12.20.;Festő-1;6:00;22:00;MEGR005
2020.12.20.;Tesztelő-1;6:00;22:00;MEGR005
2020.12.20.;Hegesztő-1;6:00;22:00;MEGR005
2020.12.20.;Hegesztő-2;6:00;22:00;MEGR005
2020.12.20.;Vágó-1;6:00;22:00;MEGR005
2020.12.20.;Hajlító-2;6:00;22:00;MEGR005
2020.12.20.;Hajlító-1;6:00;22:00;MEGR005
2020.12.20.;Festő-2;6:00;22:00;MEGR005
2020.12.21.;Hegesztő-2;6:00;22:00;MEGR005
2020.12.21.;Tesztelő-1;6:00;22:00;MEGR005
2020.12.21.;Festő-1;6:00;22:00;MEGR005
2020.12.21.;Hegesztő-1;6:00;22:00;MEGR005
2020.12.21.;Festő-2;6:00;22:00;MEGR005
2020.12.21.;Csomagoló-2;6:00;22:00;MEGR005
2020.12.21.;Hajlító-2;6:00;22:00;MEGR005
2020.12.21.;Vágó-1;6:00;22:00;MEGR005
2020.12.21.;Hajlító-1;6:00;22:00;MEGR005
2020.12.22.;Festő-2;6:00;22:00;MEGR005
2020.12.22.;Hajlító-1;6:00;22:00;MEGR005
2020.12.22.;Hajlító-2;6:00;22:00;MEGR005
2020.12.22.;Csomagoló-1;6:00;22:00;MEGR005
2020.12.22.;Hegesztő-1;6:00;22:00;MEGR005
2020.12.22.;Hegesztő-2;6:00;22:00;MEGR005
2020.12.22.;Csomagoló-2;6:00;22:00;MEGR005
2020.12.21.;Csomagoló-1;6:00;22:00;MEGR005
2020.12.22.;Tesztelő-1;6:00;22:00;MEGR005
2020.12.22.;Vágó-1;6:00;22:00;MEGR005
2020.12.22.;Festő-1;6:00;22:00;MEGR005
2020.12.23.;Festő-1;6:00;22:00;MEGR005
2020.12.23.;Hegesztő-1;6:00;22:00;MEGR005
2020.12.23.;Csomagoló-2;6:00;22:00;MEGR005
2020.12.23.;Tesztelő-1;6:00;22:00;MEGR005
2020.12.23.;Vágó-1;6:00;22:00;MEGR005
2020.12.23.;Csomagoló-1;6:00;22:00;MEGR005
2020.12.23.;Hegesztő-2;6:00;22:00;MEGR005
2020.12.23.;Hajlító-2;6:00;22:00;MEGR005
2020.12.23.;Festő-2;6:00;22:00;MEGR005
2020.12.23.;Hajlító-1;6:00;22:00;MEGR005
2020.12.24.;Hajlító-1;6:00;22:00;MEGR005
2020.12.24.;Hajlító-2;6:00;22:00;MEGR005
2020.12.24.;Hegesztő-1;6:00;22:00;MEGR005
2020.12.24.;Hegesztő-2;6:00;22:00;MEGR005
2020.12.24.;Festő-1;6:00;22:00;MEGR005
2020.12.24.;Festő-2;6:00;22:00;MEGR005
2020.12.24.;Vágó-1;6:00;22:00;MEGR005
2020.12.24.;Csomagoló-1;6:00;22:00;MEGR005
2020.12.24.;Csomagoló-2;6:00;22:00;MEGR005
2020.12.24.;Tesztelő-1;6:00;22:00;MEGR005
2020.12.25.;Festő-1;6:00;22:00;MEGR005
2020.12.25.;Festő-2;6:00;22:00;MEGR005
2020.12.25.;Tesztelő-1;6:00;22:00;MEGR005
2020.12.25.;Csomagoló-2;6:00;22:00;MEGR005
2020.12.15.;Tesztelő-1;6:02;22:00;MEGR005
2020.12.25.;Csomagoló-1;6:00;22:00;MEGR005
2020.12.25.;Hajlító-2;6:00;22:00;MEGR005
2020.12.25.;Hegesztő-2;6:00;22:00;MEGR005
2020.12.25.;Hegesztő-1;6:00;22:00;MEGR005
2020.12.25.;Hajlító-1;6:00;22:00;MEGR005
2020.12.25.;Vágó-1;6:00;22:00;MEGR005
2020.12.26.;Tesztelő-1;6:00;22:00;MEGR005
2020.12.26.;Csomagoló-1;6:00;22:00;MEGR005
2020.12.26.;Festő-1;6:00;22:00;MEGR005
2020.12.26.;Festő-2;6:00;22:00;MEGR005
2020.12.26.;Csomagoló-2;6:00;22:00;MEGR005
2020.12.26.;Hajlító-1;6:00;22:00;MEGR005
2020.12.26.;Hegesztő-1;6:00;22:00;MEGR005
2020.12.26.;Hegesztő-2;6:00;22:00;MEGR005
2020.12.26.;Vágó-1;6:00;22:00;MEGR005
2020.12.27.;Hajlító-2;6:00;22:00;MEGR005
2020.12.27.;Tesztelő-1;6:00;22:00;MEGR005
2020.12.27.;Festő-1;6:00;22:00;MEGR005
2020.12.27.;Vágó-1;6:00;22:00;MEGR005
2020.12.27.;Csomagoló-1;6:00;22:00;MEGR005
2021.01.06.;Hegesztő-1;6:00;22:00;MEGR005
2020.12.27.;Csomagoló-2;6:00;22:00;MEGR005
2020.12.26.;Hajlító-2;6:00;22:00;MEGR005
2020.12.27.;Hegesztő-2;6:00;22:00;MEGR005
2020.12.27.;Hegesztő-1;6:00;22:00;MEGR005
2020.12.27.;Festő-2;6:00;22:00;MEGR005
2020.12.27.;Hajlító-1;6:00;22:00;MEGR005
2020.12.28.;Hegesztő-1;6:00;22:00;MEGR005
2020.12.28.;Hegesztő-2;6:00;22:00;MEGR005
2020.12.28.;Hajlító-2;6:00;22:00;MEGR005
2020.12.28.;Festő-2;6:00;22:00;MEGR005
2020.12.28.;Festő-1;6:00;22:00;MEGR005
2020.12.28.;Hajlító-1;6:00;22:00;MEGR005
2020.12.28.;Tesztelő-1;6:00;22:00;MEGR005
2020.12.28.;Csomagoló-2;6:00;22:00;MEGR005
2020.12.28.;Csomagoló-1;6:00;22:00;MEGR005
2020.12.28.;Vágó-1;6:00;22:00;MEGR005
2020.12.29.;Festő-1;6:00;22:00;MEGR005
2020.12.29.;Festő-2;6:00;22:00;MEGR005
2020.12.29.;Hajlító-2;6:00;22:00;MEGR005
2020.12.29.;Csomagoló-1;6:00;22:00;MEGR005
2020.12.31.;Vágó-1;6:00;22:00;MEGR005
2020.12.29.;Csomagoló-2;6:00;22:00;MEGR005
2020.12.29.;Hegesztő-2;6:00;22:00;MEGR005
2020.12.29.;Hajlító-1;6:00;22:00;MEGR005
2020.12.29.;Vágó-1;6:00;22:00;MEGR005
2020.12.29.;Hegesztő-1;6:00;22:00;MEGR005
2020.12.29.;Tesztelő-1;6:00;22:00;MEGR005
2020.12.30.;Hegesztő-1;6:00;22:00;MEGR005
2020.12.30.;Vágó-1;6:00;22:00;MEGR005
2020.12.30.;Csomagoló-1;6:00;22:00;MEGR005
2020.12.30.;Hegesztő-2;6:00;22:00;MEGR005
2020.12.30.;Hajlító-1;6:00;22:00;MEGR005
2020.12.30.;Hajlító-2;6:00;22:00;MEGR005
2020.12.30.;Festő-2;6:00;22:00;MEGR005
2020.12.30.;Festő-1;6:00;22:00;MEGR005
2020.12.30.;Tesztelő-1;6:00;22:00;MEGR005
2020.12.30.;Csomagoló-2;6:00;22:00;MEGR005
2020.12.31.;Csomagoló-2;6:00;22:00;MEGR005
2020.12.31.;Hajlító-1;6:00;22:00;MEGR005
2020.12.31.;Festő-1;6:00;22:00;MEGR005
2020.12.31.;Csomagoló-1;6:00;22:00;MEGR005
2020.12.31.;Hajlító-2;6:00;22:00;MEGR005
2020.12.31.;Festő-2;6:00;22:00;MEGR005
2020.12.31.;Tesztelő-1;6:00;22:00;MEGR005
2020.12.31.;Hegesztő-1;6:00;22:00;MEGR005
2020.12.31.;Hegesztő-2;6:00;22:00;MEGR005
2021.01.01.;Hajlító-2;6:00;22:00;MEGR005
2021.01.01.;Csomagoló-2;6:00;22:00;MEGR005
2021.01.01.;Hajlító-1;6:00;22:00;MEGR005
2021.01.01.;Vágó-1;6:00;22:00;MEGR005
2021.01.01.;Tesztelő-1;6:00;22:00;MEGR005
2021.01.01.;Csomagoló-1;6:00;22:00;MEGR005
2021.01.01.;Hegesztő-2;6:00;22:00;MEGR005
2021.01.01.;Hegesztő-1;6:00;22:00;MEGR005
2021.01.01.;Festő-1;6:00;22:00;MEGR005
2021.01.01.;Festő-2;6:00;22:00;MEGR005
2021.01.02.;Tesztelő-1;6:00;22:00;MEGR005
2021.01.02.;Vágó-1;6:00;22:00;MEGR005
2021.01.02.;Festő-2;6:00;22:00;MEGR005
2021.01.02.;Festő-1;6:00;22:00;MEGR005
2021.01.02.;Hegesztő-1;6:00;22:00;MEGR005
2021.01.02.;Hegesztő-2;6:00;22:00;MEGR005
2021.01.02.;Hajlító-2;6:00;22:00;MEGR005
2021.01.02.;Hajlító-1;6:00;22:00;MEGR005
2021.01.02.;Csomagoló-1;6:00;22:00;MEGR005
2021.01.02.;Csomagoló-2;6:00;22:00;MEGR005
2021.01.03.;Hegesztő-1;6:00;22:00;MEGR005
2021.01.03.;Vágó-1;6:00;22:00;MEGR005
2021.01.03.;Hegesztő-2;6:00;22:00;MEGR005
2021.01.03.;Tesztelő-1;6:00;22:00;MEGR005
2021.01.03.;Csomagoló-1;6:00;22:00;MEGR005
2021.01.03.;Csomagoló-2;6:00;22:00;MEGR005
2021.01.03.;Hajlító-1;6:00;22:00;MEGR005
2021.01.03.;Hajlító-2;6:00;22:00;MEGR005
2021.01.03.;Festő-1;6:00;22:00;MEGR005
2021.01.03.;Festő-2;6:00;22:00;MEGR005
2021.01.04.;Hegesztő-2;6:00;22:00;MEGR005
2021.01.04.;Hegesztő-1;6:00;22:00;MEGR005
2021.01.04.;Hajlító-1;6:00;22:00;MEGR005
2021.01.04.;Hajlító-2;6:00;22:00;MEGR005
2021.01.04.;Festő-1;6:00;22:00;MEGR005
2021.01.04.;Festő-2;6:00;22:00;MEGR005
2021.01.04.;Csomagoló-1;6:00;22:00;MEGR005
2021.01.04.;Vágó-1;6:00;22:00;MEGR005
2021.01.04.;Tesztelő-1;6:00;22:00;MEGR005
2021.01.04.;Csomagoló-2;6:00;22:00;MEGR005
2021.01.05.;Festő-2;6:00;22:00;MEGR005
2021.01.05.;Tesztelő-1;6:00;22:00;MEGR005
2021.01.05.;Csomagoló-1;6:00;22:00;MEGR005
2021.01.05.;Csomagoló-2;6:00;22:00;MEGR005
2021.01.05.;Hajlító-1;6:00;22:00;MEGR005
2021.01.05.;Hajlító-2;6:00;22:00;MEGR005
2021.01.05.;Hegesztő-2;6:00;22:00;MEGR005
2021.01.05.;Vágó-1;6:00;22:00;MEGR005
2021.01.05.;Hegesztő-1;6:00;22:00;MEGR005
2021.01.05.;Festő-1;6:00;22:00;MEGR005
2021.01.06.;Csomagoló-1;6:00;22:00;MEGR005
2021.01.06.;Csomagoló-2;6:00;22:00;MEGR005
2021.01.06.;Hegesztő-2;6:00;22:00;MEGR005
2021.01.06.;Vágó-1;6:00;22:00;MEGR005
2021.01.06.;Tesztelő-1;6:00;22:00;MEGR005
2021.01.06.;Hajlító-2;6:00;22:00;MEGR005
2021.01.06.;Hajlító-1;6:00;22:00;MEGR005
2021.01.06.;Festő-2;6:00;22:00;MEGR005
2021.01.06.;Festő-1;6:00;22:00;MEGR005
2021.01.07.;Hegesztő-2;6:00;13:58;MEGR005
2021.01.07.;Csomagoló-1;6:00;13:58;MEGR005
2021.01.07.;Vágó-1;6:00;13:58;MEGR005
2021.01.07.;Tesztelő-1;6:00;13:58;MEGR005
2021.01.07.;Hajlító-2;6:00;13:58;MEGR005
2021.01.07.;Hajlító-1;6:00;13:58;MEGR005
2021.01.07.;Festő-2;6:00;13:58;MEGR005
2021.01.07.;Festő-1;6:00;13:58;MEGR005
2021.01.07.;Hegesztő-1;6:00;13:58;MEGR005
2021.01.07.;Csomagoló-2;6:00;13:58;MEGR005